id,reg,car_description,car_make_model,road_tax_status,mot_status,exported,average,engine,EngineLitres,EuroStatus,FuelType,KeeperStartDate,LastMOTMileage,LastV5CIssueDate,MOT,MileageIssues,ModelDescription,ModelVariant,PrimaryColour,RegistrationDate,RegistrationPlace,Status,Tax12MonthsCost,Tax6MonthsCost,Transmission,TypeApproval,VehicleAge,WheelPlan,YearManufacture,isSold,co2,manufacturer,mileage,sell,created_on,car_order,taxDueDate,motExpiryDate,carViews
131,WU60ZNK,,HYUNDAI,Untaxed,Valid,,0,1248,,,PETROL,,,2024-10-09,,,I20 CLASSIC,,RED,2010-09,,,,,,M1,,2 AXLE RIGID BODY,2010,1,124,HYUNDAI,109247,1200,2024-10-09 06:09:58,,2024-09-20,2025-09-01,0
132,CA15BJX,,KIA,Taxed,Valid,,0,1582,,,DIESEL,,,2024-10-07,,,PRO CEED SE ECODYNAMICS CRDI,,RED,2015-05,,,,,,M1,,2 AXLE RIGID BODY,2015,1,112,KIA,128162,3000,2024-10-09 07:28:42,,2025-10-01,2025-07-03,0
133,WX63NPU,,KIA,Taxed,Valid,,0,1582,,,DIESEL,,,2019-07-16,,,SOUL SHAKER CRDI,,BLACK,2013-09,,,,,,M1,,2 AXLE RIGID BODY,2013,1,129,KIA,60000,3995,2024-10-10 05:58:33,,2025-04-01,2025-06-06,0
151,DK07LHE,,VOLKSWAGEN,Untaxed,Valid,,0,1968,,,DIESEL,,,2022-08-07,,,,,PURPLE,2007-07,,,,,,M1,,2 AXLE RIGID BODY,2007,1,177,VOLKSWAGEN,73000,2995,2024-10-24 09:46:55,,2022-08-31,2025-08-23,0
152,OV14ZVM,,JOHN DEERE,Untaxed,No details held by DVLA,1,0,6788,,,DIESEL,,,2019-04-15,,,6150R,,GREEN,2014-08,,,,,,T5,,2 AXLE RIGID BODY,2014,1,0,JOHN DEERE,7483271054,8500,2024-10-26 06:23:02,,2022-10-10,,0
153,OY14ZVM,,TOYOTA,Untaxed,Valid,,0,1497,,,HYBRID ELECTRIC,,,2024-01-05,,,YARIS HYBRID ICON + CVT,,WHITE,2014-05,,,,,,M1,,2 AXLE RIGID BODY,2014,1,79,TOYOTA,46000,8500,2024-10-26 06:25:41,,2024-08-27,2025-09-23,0
154,RE10KCK,,VOLVO,Untaxed,Valid,,0,2400,,,DIESEL,,,2024-10-25,,,XC60 S D DRIVE,,BLUE,2010-07,,,,,,M1,,2 AXLE RIGID BODY,2010,1,159,VOLVO,126878,3000,2024-10-26 06:26:44,,2024-09-07,2025-02-09,0
155,DV65GZL,,VAUXHALL,Taxed,Valid,,0,1598,,,DIESEL,,,2023-06-16,,,MOKKA EXCLUSIV CDTI ECOFLEX SS,,BLUE,2016-02,,,,,,M1,,2 AXLE RIGID BODY,2016,1,109,VAUXHALL,127591,3300,2024-10-28 03:29:23,,2025-06-01,2025-04-17,0
159,VE65OWM,,KIA,Untaxed,Valid,,0,1248,,,PETROL,,,2018-10-15,,,RIO SR7,,RED,2016-01,,,,,,M1,,2 AXLE RIGID BODY,2016,1,115,KIA,87000,4700,2024-11-02 07:56:46,,2024-07-26,2025-10-02,0
160,BG07XVR,,SUBARU,Untaxed,Valid,,0,1994,,,PETROL,,,2011-10-10,,,IMPREZA RX,,BLUE,2007-05,,,,,,M1,,2 AXLE RIGID BODY,2007,1,214,SUBARU,89000,3995,2024-11-02 08:41:43,,2024-02-15,2025-09-24,0
164,AF13LYV,,VAUXHALL,Taxed,Valid,,0,1686,,,DIESEL,,,2024-11-11,,,ZAFIRA EXCLUSIV CDTI EFLX,,GREY,2013-05,,,,,,M1,,2 AXLE RIGID BODY,2013,1,134,VAUXHALL,80080,2500,2024-11-13 10:16:51,,2025-11-01,2025-06-10,0
170,DA07KCU,,VOLKSWAGEN,Untaxed,Valid,,0,1896,,,DIESEL,,,2013-12-05,,,GOLF MATCH TDI 105,,BLUE,2007-06,,,,,,M1,,2 AXLE RIGID BODY,2007,1,132,VOLKSWAGEN,149837,1700,2024-11-23 06:10:20,,2024-09-01,2025-09-04,0
176,WP11KXK,,SKODA,Untaxed,Valid,,0,1595,,,PETROL,,,2024-12-10,,,OCTAVIA SE MPI,,GREY,2011-06,,,,,,M1,,2 AXLE RIGID BODY,2011,1,168,SKODA,106982,2800,2024-12-10 12:50:20,,2024-09-28,2025-11-19,0
184,CA61BVN,,FORD,Taxed,Valid,,0,1242,,,PETROL,,,2022-04-06,,,KA ZETEC,,SILVER,2011-12,,,,,,M1,,2 AXLE RIGID BODY,2011,1,115,FORD,89810,1700,2024-12-19 10:18:16,,2026-01-01,2025-07-09,0
185,LK10LLV,,HONDA,Taxed,Valid,,0,2199,,,DIESEL,,,2022-11-06,,,CR-V ES-T I-DTEC AUTO,,GREY,2010-03,,,,,,M1,,2 AXLE RIGID BODY,2010,1,195,HONDA,119070,3995,2024-12-21 04:58:37,,2025-10-01,2025-12-18,0
220,HN13YAX,,VOLKSWAGEN,Taxed,Valid,,0,1390,,,PETROL,,,2020-09-29,,,GOLF GT TSI S-A,,GREY,2013-07,,,,,,M1,,2 AXLE RIGID BODY,2013,1,148,VOLKSWAGEN,84826,5500,2025-03-11 05:53:08,,2026-03-01,2025-11-30,0
224,KS06ACJ,,PEUGEOT,Untaxed,Valid,,0,1997,,,DIESEL,,,2018-12-01,,,407 SE HDI,,GREY,2006-06,,,,,,M1,,2 AXLE RIGID BODY,2006,1,155,PEUGEOT,74884,1995,2025-03-24 07:03:23,,2024-11-12,2026-03-11,0
63,BV63NUX,,VOLVO V60,✗ Expired: 20 Mar 2024 61 days ago,✓ Expires: 27 Sep 2024 131 days left,NO,12403,1560 cc,,EURO 5,Diesel,,136433.0,13 April 2023,£45,No,V60 BUSINESS EDITION D2,V60,Red,2013.09.27,Birmingham,HIGH,£20,,,M1,10 Years 8 Months,2 AXLE RIGID BODY,2013,1,108 g/km (,VOLVO,139000,3500,2024-05-20 09:26:32,0.0,2024-03-20,2024-09-27,8
64,WP61VSJ,,SKODA YETI,✗ Expired: 15 Mar 2024 66 days ago,✓ Expires: 05 Jan 2025 231 days left,NO,7959,1968 cc,,EURO 5,Diesel,,95502.0,28 August 2014,£45,No,YETI ELEGANCE TDI CR 170,YETI,Blue,2012.01.05,Bristol,MEDIUM,£240,£132,,M1,12 Years 4 Months,2 AXLE RIGID BODY,2012,1,155 g/km (,SKODA,96000,5300,2024-05-20 09:30:58,0.0,2024-03-15,2025-01-05,4
74,RJ15DVN,,KIA RIO,✗ Expired: 20 Apr 2024 48 days ago,✓ Expires: 06 Jan 2025 214 days left,NO,10316,1396 cc,,EURO 6,Diesel,,92846.0,04 January 2018,£45,No,RIO 2 ISG CRDI,RIO,Black,2015.06.11,Reading,MEDIUM,£0,,,M1,9 Years 0 Months,2 AXLE RIGID BODY,2015,1,98 g/km (A,KIA,97039,4200,2024-06-07 05:41:29,0.0,2024-04-20,2025-01-06,10
76,VX63JVR,,FORD MONDEO,✓ Expires: 01 Jun 2025 356 days left,✓ Expires: 28 Sep 2024 111 days left,NO,9430,1997 cc,,EURO 5,Diesel,,103731.0,05 June 2024,£45,No,MONDEO ZETEC BUSINESS EDN TDCI,MONDEO,Black,2013.09.29,Worcester,MEDIUM,£35,,,M1,10 Years 9 Months,2 AXLE RIGID BODY,2013,1,120 g/km (,FORD,105000,3300,2024-06-10 04:48:11,0.0,2025-06-01,2024-09-28,9
79,JM06LAN,,FORD FOCUS,✗ Expired: 11 May 2024 47 days ago,✓ Expires: 11 Dec 2024 168 days left,NO,7949,999 cc,,EURO 6,Petrol,,71541.0,04 May 2024,£45,No,FOCUS ZETEC S,FOCUS,Black,2015.03.02,,MEDIUM,£20,,,M1,9 Years 3 Months,2 AXLE RIGID BODY,2015,1,108 g/km (,FORD,73000,5800,2024-06-27 02:03:13,0.0,2024-05-11,2024-12-11,18
69,EA61 GYZ,,AUDI A3,✗ Expired: 30 Mar 2024 65 days ago,✓ Expires: 28 Sep 2024 118 days left,NO,2499,1798 cc,,EURO 4,Petrol,,32488.0,25 April 2012,£45,No,,A3,Blue,2011.10.21,Chelmsford,LOW,£255,£140.25,,M1,12 Years 8 Months,2 AXLE RIGID BODY,2011,1,156 g/km (,AUDI,40000,5300,2024-06-03 04:37:11,0.0,2024-03-30,2024-09-28,0
75,VE12TCY,,HONDA JAZZ,✗ Expired: 25 Mar 2024 77 days ago,✓ Expires: 31 May 2025 356 days left,NO,6729,1339 cc,,EURO 5,Petrol,,80748.0,25 April 2013,£45,No,JAZZ I-VTEC ES,JAZZ,Brown,2012.06.29,Worcester,MEDIUM,£160,£88,,M1,12 Years 0 Months,2 AXLE RIGID BODY,2012,1,126 g/km (,HONDA,80000,3950,2024-06-10 04:34:41,0.0,2024-03-25,2025-05-31,0
80,EK09JWF,,FORD S-MAX,✓ SORN,✓ Expires: 18 Jun 2025 351 days left,NO,6620,1997 cc,,EURO 4,Diesel,,99307.0,25 October 2023,£45,No,S-MAX ZETEC TDCI,S-MAX,Black,2009.07.30,Chelmsford,MEDIUM,£255,£140.25,,M1,15 Years 0 Months,2 AXLE RIGID BODY,2009,1,159 g/km (,FORD,11111,2700,2024-07-03 09:02:00,0.0,,2025-06-18,0
81,EF61OHK,,MINI COUNTRYMAN ONE,✓ Expires: 01 Aug 2024 27 days left,✓ Expires: 12 Jul 2025 373 days left,NO,5955,1598 cc,,EURO 5,Petrol,,71457.0,04 August 2021,£45,No,COUNTRYMAN ONE,COUNTRYMAN ONE,White,2012.01.16,Chelmsford,MEDIUM,£190,£104.50,,M1,12 Years 6 Months,2 AXLE RIGID BODY,2012,1,139 g/km (,MINI,11111,4600,2024-07-05 02:47:34,0.0,2024-08-01,2025-07-12,0
86,YN07YDF,,,,,,0,,,,,,,,,,SLK 200 KOMPRESSOR AUTO,,,,,,,,,,,,,1,,,88888,4200,2024-07-30 03:29:15,0.0,,,0
87,FT11BZV,,,,,,0,,,,,,,,,,OCTAVIA GREENLINE TDI CR,,,,,,,,,,,,,1,,,133000,2500,2024-08-01 05:41:43,0.0,,,0
115,OV10WVM,,,,,,0,,,,,,,,,,JAZZ EX I-VTEC,,,,,,,,,,,,,1,,,58000,2800,2024-09-03 03:57:14,0.0,,,0
116,GY56XVP,,,,,,0,,,,,,,,,,325I SE AUTO,,,,,,,,,,,,,1,,,115963,2400,2024-09-05 08:23:38,0.0,,,0
68,WV10JCZ,,MINI MINI,✗ Expired: 14 May 2024 15 days ago,✓ Expires: 26 Mar 2025 302 days left,NO,6039,1560 cc,,EURO 4,Diesel,,84539.0,23 May 2018,£45,No,COOPER D CLUBMAN,MINI,White,2010.03.03,Bristol,MEDIUM,£20,,,M1,14 Years 2 Months,2 AXLE RIGID BODY,2010,1,109 g/km (,MINI,85000,3995,2024-05-29 03:07:17,1.0,2024-05-14,2025-03-26,27
156,MH18KHY,,VOLKSWAGEN,Untaxed,Valid,,0,1395,,,HYBRID ELECTRIC,,,2018-08-01,,,PASSAT GTE S-A,,SILVER,2018-08,,,,,,M1,,2 AXLE RIGID BODY,2018,1,40,VOLKSWAGEN,116424,8995,2024-10-30 07:15:31,1.0,2024-10-18,2025-07-31,14
33,MX60OUH,,AUDI TT,✗ Expired: 22 Sep 2023 214 days ago,✓ Expires: 11 Aug 2024 111 days left,NO,8445,1798 cc,,EURO 5,Petrol,,118228.0,08 October 2015,£45,No,TT TFSI,TT,White,2010.10.20,Manchester,MEDIUM,£240,£132,,M1,13 Years 3 Months,2 AXLE RIGID BODY,2010,1,152 g/km (,AUDI,119000,4300,2024-01-06 13:35:09,2.0,2023-09-22,2024-08-11,3
50,RO63VEH,,MERCEDES-BENZ SLK,✗ Expired: 14 Mar 2024 44 days ago,✓ Expires: 12 Dec 2024 230 days left,NO,9949,2143 cc,,EURO 5,Diesel,,109443.0,21 May 2021,£45,No,SLK250 AMG SPORT CDI BLUE-CY A,SLK,Grey,2013.11.08,Reading,MEDIUM,£180,£99,,M1,10 Years 5 Months,2 AXLE RIGID BODY,2013,1,132 g/km (,MERCEDES-BENZ,110000,6700,2024-04-25 04:37:17,2.0,2024-03-14,2024-12-12,9
67,KU02ERJ,,MERCEDES-BENZ SLK,✗ Expired: 21 May 2024 7 days ago,✓ Expires: 29 Mar 2025 306 days left,NO,2861,3199 cc,,EURO 3,Petrol,,62951.0,20 May 2024,£45,No,,SLK,Silver,2002.03.06,Northampton,LOW,£415,£228.25,,M1,22 Years 2 Months,2 AXLE RIGID BODY,2002,1,254 g/km (,MERCEDES-BENZ,63000,3600,2024-05-28 04:05:22,2.0,2024-05-21,2025-03-29,16
97,FR12 ZNV,,,,,,0,,,,,,,,,,,,,,,,,,,,,,,1,,,92000,3995,2024-08-02 06:15:53,2.0,,,8
130,OY62NPA,,AUDI A4,Untaxed,Valid,,0,1968,,,DIESEL,,,2014-08-08,,,A4 SE TDI CVT,,SILVER,2012-09,,,,,,M1,,2 AXLE RIGID BODY,2012,1,127,AUDI,50000,7500,2024-10-09 05:56:12,2.0,2024-09-28,2025-01-18,11
135,CN16YPY,,VOLKSWAGEN,Untaxed,Valid,,0,2967,,,DIESEL,,,2023-11-07,,,TOUAREG V6 R-LINE TDI BMT A,,WHITE,2016-03,,,,,,M1,,2 AXLE RIGID BODY,2016,1,174,VOLKSWAGEN,127950,11300,2024-10-12 06:13:06,2.0,2024-10-05,2025-06-05,22
99,GJ13XCV,,Honda Civic,,,,0,1597cc,,,DIESEL,,,2022-02-11,,,CIVIC I-DTEC ES,,GREY,2013-05,,,,,,M1,,2 AXLE RIGID BODY,2013,1,,,95281,3995,2024-08-02 07:11:59,2.0,,,18
158,WG63KBF,,BMW,Untaxed,Valid,,0,1995,,,DIESEL,,,2018-10-09,,,116D SE,,BLACK,2013-11,,,,,,M1,,2 AXLE RIGID BODY,2013,1,109,BMW,123376,3495,2024-10-30 07:18:36,2.0,2024-09-12,2024-12-08,18
53,LM13 UYK,,SKODA YETI,✗ Expired: 28 Mar 2024 32 days ago,✓ Expires: 18 Jun 2024 51 days left,NO,11440,1598 cc,,EURO 5,Diesel,,125843.0,11 December 2013,£45,No,,YETI,Black,2013.05.25,Stanmore / London,MEDIUM,£35,,,M1,10 Years 11 Months,2 AXLE RIGID BODY,2013,1,119 g/km (,SKODA,133303,3995,2024-04-29 05:44:29,3.0,2024-03-28,2024-06-18,0
57,YD11VGK,,SUBARU LEGACY,✗ Expired: 15 Mar 2024 48 days ago,✓ Expires: 25 Mar 2025 328 days left,NO,5185,1994 cc,,EURO 5,Petrol,,67403.0,08 January 2018,£45,No,LEGACY ES NAV CVT,LEGACY,Grey,2011.03.30,Leeds,MEDIUM,£365,£200.75,,M1,13 Years 2 Months,2 AXLE RIGID BODY,2011,1,187 g/km (,SUBARU,67403,4900,2024-05-02 06:49:28,3.0,2024-03-15,2025-03-25,2
92,KX67 CTV,,Volvo V60,Untaxed,Valid,,0,1969cc,,,DIESEL,,,2017-12-20,,,V60 SE NAV D4,,WHITE,2018-01,,,,,,M1,,2 AXLE RIGID BODY,2018,1,,,94754,7700,2024-08-02 06:02:21,3.0,2024-04-23,2025-06-26,95
77,LO18OHX,,VOLKSWAGEN PASSAT,✓ Expires: 01 Jun 2025 340 days left,✓ Expires: 06 Dec 2024 164 days left,NO,15819,1598 cc,,EURO 6,Diesel,,94915.0,22 June 2018,£45,No,PASSAT SE BUSINESS TDI BMT,PASSAT,White,2018.06.22,Stanmore / London,HIGH,£190,£104.50,,M1,6 Years 0 Months,2 AXLE RIGID BODY,2018,1,105 g/km (,VOLKSWAGEN,101214,8000,2024-06-26 03:22:06,3.0,2025-06-01,2024-12-06,10
27,LS16VRC,,HONDA JAZZ,✗ Expired: 07 Dec 2023 140 days ago,✓ Expires: 08 Feb 2025 290 days left,NO,3144,1318 cc,,EURO 6,Petrol,,25148.0,29 March 2016,£45,No,JAZZ SE I-VTEC,JAZZ,Silver,2016.03.29,Stanmore / London,LOW,£35,,,M1,7 Years 10 Months,2 AXLE RIGID BODY,2016,1,116 g/km (,HONDA,29000,9200,2024-01-06 10:54:50,4.0,2023-12-07,2025-02-08,2
54,OE14 XWB,,SKODA OCTAVIA,✓ Expires: 01 Mar 2025 306 days left,✓ Expires: 26 Jan 2025 273 days left,NO,12577,1598 cc,,EURO 5,Diesel,,125773.0,04 November 2021,£45,No,,OCTAVIA,Grey,2014.07.28,Oxford,HIGH,£20,,,M1,9 Years 9 Months,2 AXLE RIGID BODY,2014,1,109 g/km (,SKODA,125773,4300,2024-04-29 05:45:58,4.0,2025-03-01,2025-01-26,7
71,EK09JWF,,FORD S-MAX,✓ SORN,✓ Expires: 18 Jun 2024 12 days left,NO,5777,1997 cc,,EURO 4,Diesel,,86653.0,25 October 2023,£45,No,S-MAX ZETEC TDCI,S-MAX,Black,2009.07.30,Chelmsford,MEDIUM,£255,£140.25,,M1,14 Years 11 Months,2 AXLE RIGID BODY,2009,1,159 g/km (,FORD,99000,2700,2024-06-07 05:28:30,4.0,,2024-06-18,11
89,LM63 YVY,,Audi A4,Untaxed,Valid,,0,1968cc,,,Diesel,,,2023-04-21,,,A4 S LINE BLACK EDITION TDI,Black edition,White,2013-11,,,,,,M1,,2 AXLE RIGID BODY,2013,1,,,95878,6400,2024-08-02 05:55:23,4.0,2024-03-02,2025-09-11,63
117,VU14OHK,,Honda Jazz SI,,,,0,,,,,,,,,,,,,,,,,,,,,,,1,,,100957,3995,2024-09-05 09:12:57,4.0,,,13
121,OY14ZVM,,Toyota Yaris,Untaxed,Valid,No,0,Show ULEZ status,,"Need to sell your Toyota ? Get a free, instant val",5b,,,2014,,,Car,,Hatchback,Oxford / Oxford,See a full report,,Road tax rates are i,79 g/km (A),,,05 January 2024,,Need to se,1,,VVT-I Auto,46000,8995,2024-09-13 04:36:09,4.0,2024-08-27,2025-09-23,20
60,EJ61WYZ,,HONDA CIVIC,✗ Expired: 09 Mar 2024 57 days ago,✓ Expires: 01 Dec 2024 211 days left,NO,4903,1339 cc,,EURO 5,Petrol,,63735.0,15 December 2015,£45,No,CIVIC SI-T I-VTEC,CIVIC,Black,2011.11.30,Chelmsford,LOW,£180,£99,,M1,12 Years 6 Months,2 AXLE RIGID BODY,2011,1,135 g/km (,HONDA,64015,5495,2024-05-05 09:40:22,5.0,2024-03-09,2024-12-01,2
59,VX63JVR,,FORD MONDEO,✗ Expired: 12 Apr 2024 20 days ago,✓ Expires: 28 Sep 2024 150 days left,NO,9430,1997 cc,,EURO 5,Diesel,,103731.0,15 December 2017,£45,No,MONDEO ZETEC BUSINESS EDN TDCI,MONDEO,Black,2013.09.29,Worcester,MEDIUM,£35,,,M1,10 Years 8 Months,2 AXLE RIGID BODY,2013,1,120 g/km (,FORD,104000,3700,2024-05-02 06:59:20,5.0,2024-04-12,2024-09-28,2
70,YG12TVF,,MINI COOPER SD,✗ Expired: 18 May 2024 20 days ago,✓ Expires: 01 Oct 2024 117 days left,NO,5434,1995 cc,,EURO 5,Diesel,,65207.0,24 April 2024,£45,No,COOPER SD,COOPER SD,Grey,2012.03.06,Leeds,MEDIUM,£35,,,M1,12 Years 3 Months,2 AXLE RIGID BODY,2012,1,114 g/km (,MINI,66616,4995,2024-06-07 05:25:17,5.0,2024-05-18,2024-10-01,26
72,GD66PXV,,SKODA OCTAVIA,✗ Expired: 16 May 2024 22 days ago,✓ Expires: 18 Jun 2025 377 days left,NO,12136,1968 cc,,EURO 6,Diesel,,97087.0,09 July 2022,£45,No,OCTAVIA SE L TDI,OCTAVIA,Beige,2016.12.21,Maidstone,HIGH,£20,,,M1,7 Years 6 Months,2 AXLE RIGID BODY,2016,1,106 g/km (,SKODA,97000,7400,2024-06-07 05:36:48,5.0,2024-05-16,2025-06-18,20
96,HJ65 HZB,,,,,,0,,,,,,,,,,,,,,,,,,,,,,,1,,,109339,6300,2024-08-02 06:09:52,5.0,,,8
110,RJ14PXZ,,Kia Ceed 2,,,,0,,,,,,,,,,CEED 2 CRDI AUTO,,,,,,,,,,,,,1,,,108000,3995,2024-08-27 04:49:58,5.0,,,7
146,GV54BWO,,MINI,Untaxed,Valid,,0,1598,,,PETROL,,,2023-03-15,,,MINI ONE,,SILVER,2004-10,,,,,,M1,,2 AXLE RIGID BODY,2004,1,173,MINI,79136,1995,2024-10-18 09:42:36,5.0,2024-08-10,2025-01-04,49
101,VK61FHL,,,Expired: 31 Jul 2024,Expires: 13 Aug 2025,,0,,,,,,,,,,TT SPORT TDI QUATTRO,,,,,,,,,,,,,1,,,88000,5600,2024-08-27 04:20:55,6.0,2024-07-31,2025-08-13,9
114,LY63AUC,,SEAT Ibiza Toca,Untaxed,Valid,,0,1390cc,,,PETROL,,,2013-12-31,,,IBIZA TOCA,,WHITE,2013-12,,,,,,M1,,2 AXLE RIGID BODY,2013,1,,,110722,2995,2024-08-30 07:41:29,6.0,2024-08-01,2025-04-03,80
139,LA59WEC,,RENAULT MEGANE,Untaxed,Valid,,0,1598,,,PETROL,,,2014-02-26,,,,,BLUE,2010-02,,,,,,M1,,2 AXLE RIGID BODY,2009,1,160,RENAULT,77563,2100,2024-10-12 07:15:35,6.0,2024-09-21,2025-02-22,69
29,WX63NPU,,KIA SOUL,Untaxed,Valid,NO,7375,1582 cc,,EURO 5,Diesel,,81128.0,16 July 2019,£45,Yes,SOUL SHAKER CRDI,SOUL,Black,2013.09.06,Bristol,MEDIUM,£150,£82.50,,M1,10 Years 4 Months,2 AXLE RIGID BODY,2013,1,129 g/km (,KIA,87000,3995,2024-01-06 13:25:15,7.0,2023-12-02,2025-06-06,46
51,LR59XZW,,HONDA INSIGHT,✗ Expired: 26 Feb 2024 63 days ago,✓ Expires: 12 Jun 2024 45 days left,NO,8973,1339 cc,,EURO 5,Petrol,,134590.0,14 February 2013,£45,No,INSIGHT SE CVT,INSIGHT,Blue,2009.09.29,Stanmore / London,MEDIUM,£10,,,M1,14 Years 7 Months,2 AXLE RIGID BODY,2009,1,101 g/km (,HONDA,137000,3400,2024-04-29 02:09:33,7.0,2024-02-26,2024-06-12,1
66,WV62ZVT,,MINI CLUBMAN D,✓ Expires: 01 Jul 2024 34 days left,✓ Expires: 15 Mar 2025 292 days left,NO,10861,1598 cc,,EURO 5,Diesel,,130337.0,20 March 2024,£45,No,COOPER CLUBMAN D,MINI,Silver,2012.09.28,Bristol,MEDIUM,£20,,,M1,11 Years 8 Months,2 AXLE RIGID BODY,2012,1,103 g/km (,MINI,130337,3995,2024-05-28 03:58:34,7.0,2024-07-01,2025-03-15,18
127,RK52YDU,,HONDA ACCORD,Untaxed,Valid,,0,1997,,,PETROL,,,2012-04-13,,,ACCORD VTEC SE AUTO,ACCORD VTEC SE AUTO,BLUE,2002-09,,,,,,M1,,2 AXLE RIGID BODY,2002,1,219,HONDA,97311,1800,2024-10-09 05:25:36,7.0,2024-09-30,2025-09-03,26
62,YY14KJA,,KIA CEED,✗ Expired: 27 Apr 2024 17 days ago,✓ Expires: 28 Nov 2024 199 days left,NO,6935,1582 cc,,EURO 5,Diesel,,69345.0,06 October 2023,£45,No,CEED 3 ECODYNAMICS CRDI,CEED,Silver,2014.05.29,Beverley,MEDIUM,£0,,,M1,10 Years 0 Months,2 AXLE RIGID BODY,2014,1,100 g/km (,KIA,70000,5400,2024-05-14 05:52:39,8.0,2024-04-27,2024-11-28,9
82,KR61WNF,,Benz SLK200,Expired: 06 Jun 2024,Expires: 08 Aug 2025,,0,1796,,,PETROL,,,2020-11-10,,,SLK200 BLUEEFFICIENCY AUTO,,SILVER,2012-02,,,,,,M1,,2 AXLE RIGID BODY,2012,1,,,82746,6400,2024-07-17 03:59:10,8.0,2024-06-06,2025-08-08,44
100,ND63OOC,,Volvo V40,Expired: 12 Jul 2024,Expires: 16 Aug 2025,,0,,,,,,,,,,V40 R-DESIGN NAV D2,,,,,,,,,,,,,1,,,113000,4600,2024-08-27 03:55:26,8.0,2024-07-12,2025-08-16,21
108,DF15NAU,,,Expired: 15 Aug 2024,Expires: 26 Aug 2025,,0,,,,,,,,,,V40 R-DESIGN LUX NAV D3,,,,,,,,,,,,,1,,,120000,4995,2024-08-27 04:46:39,8.0,2024-08-15,2025-08-26,9
163,OW08LXP,,NISSAN,Untaxed,Valid,,0,1386,,,PETROL,,,2022-12-20,,,NOTE ACENTA,,BLACK,2008-07,,,,,,M1,,2 AXLE RIGID BODY,2008,1,150,NISSAN,74106,1995,2024-11-13 07:21:24,8.0,2024-10-28,2025-07-31,68
165,SL57EXT,,VOLKSWAGEN,Taxed,Valid,,0,1390,,,PETROL,,,2019-11-28,,,BEETLE LUNA 75PS,,GREEN,2007-09,,,,,,M1,,2 AXLE RIGID BODY,2007,1,169,VOLKSWAGEN,127678,1500,2024-11-15 06:34:56,8.0,2025-10-01,2025-10-30,50
168,SF65RLZ,,HONDA,Untaxed,Valid,,0,1318,,,PETROL,,,2018-05-10,,,JAZZ SE I-VTEC,,BLUE,2015-10,,,,,,M1,,2 AXLE RIGID BODY,2015,1,116,HONDA,115248,4995,2024-11-22 08:39:46,8.0,2024-11-14,2025-04-23,61
61,SC15RPZ,,VOLKSWAGEN POLO,✗ Expired: 19 Apr 2024 18 days ago,✓ Expires: 01 Apr 2025 330 days left,NO,12933,1422 cc,,EURO 6,Diesel,,116401.0,25 October 2023,£45,No,POLO SE TDI,POLO,Red,2015.05.12,Glasgow,HIGH,£0,,,M1,9 Years 0 Months,2 AXLE RIGID BODY,2015,1,88 g/km (A,VOLKSWAGEN,116000,4900,2024-05-07 09:16:19,9.0,2024-04-19,2025-04-01,9
73,NK15NJU,,TOYOTA AYGO,✓ Expires: 01 Apr 2025 298 days left,✓ Expires: 22 Mar 2025 289 days left,NO,10528,998 cc,,EURO 5,Petrol,,94755.0,15 March 2024,£45,No,AYGO X VVT-I,AYGO,White,2015.03.04,Newcastle,MEDIUM,£0,,,M1,9 Years 3 Months,2 AXLE RIGID BODY,2015,1,95 g/km (A,TOYOTA,96000,4200,2024-06-07 05:38:37,9.0,2025-04-01,2025-03-22,28
106,CE60VSC,,Volkswagen Polo,Untaxed,Valid,,0,1390cc,,,Petrol,,,,,,POLO SEL 85 S-A,,White,,,,,,,,,,2010,1,,,47000,4600,2024-08-27 04:43:00,9.0,2024-04-30,2025-06-18,29
142,LS11UKZ,,SKODA OCTAVIA,Untaxed,Valid,,0,1390,,,PETROL,,,2012-03-22,,,OCTAVIA ELEGANCE TSI,,MAROON,2011-03,,,,,,M1,,2 AXLE RIGID BODY,2011,1,148,SKODA,123271,2995,2024-10-17 05:53:53,9.0,2024-09-21,2025-03-25,50
172,KX70EEV,,SKODA,Untaxed,No details held by DVLA,,0,1498,,EURO 6 DG,PETROL,,,2021-01-15,,,OCTAVIA SE TECHNOLOGY TSI,,BLUE,2021-01,,,,,,M1,,2 AXLE RIGID BODY,2021,1,126,SKODA,102060,7995,2024-12-04 09:44:18,9.0,2024-11-04,,17
12,OV64BFE,,NISSAN X-TRAIL,✗ Expired: 25 Apr 2024 1 days ago,✓ Expires: 07 Oct 2024 165 days left,NO,13108,1598 cc,,EURO 5,Diesel,,117969.0,03 September 2023,£45,No,X-TRAIL N-TEC DCI 4X4,X-TRAIL,Silver,2014.09.30,Oxford,HIGH,£180,£99,,M1,9 Years 3 Months,2 AXLE RIGID BODY,2014,1,139 g/km (,NISSAN,118000,6500,2023-12-04 10:36:25,10.0,2024-04-25,2024-10-07,2
41,LR59XZW,,HONDA INSIGHT,✗ Expired: 26 Feb 2024 58 days ago,✓ Expires: 12 Jun 2024 50 days left,NO,8973,1339 cc,,EURO 5,Petrol,,134590.0,14 February 2013,£45,No,INSIGHT SE CVT,INSIGHT,Blue,2009.09.29,Stanmore / London,MEDIUM,£10,,,M1,14 Years 7 Months,2 AXLE RIGID BODY,2009,1,101 g/km (,HONDA,137000,3400,2024-04-23 06:27:38,10.0,2024-02-26,2024-06-12,0
41,LR59XZW,,HONDA INSIGHT,✗ Expired: 26 Feb 2024 58 days ago,✓ Expires: 12 Jun 2024 50 days left,NO,8973,1339 cc,,EURO 5,Petrol,,134590.0,14 February 2013,£45,No,INSIGHT SE CVT,INSIGHT,Blue,2009.09.29,Stanmore / London,MEDIUM,£10,,,M1,14 Years 7 Months,2 AXLE RIGID BODY,2009,1,101 g/km (,HONDA,137000,3400,2024-04-23 06:27:38,10.0,2024-02-26,2024-06-12,0
83,LP16KNG,,Honda Jazz SE I-VTEC,,,,0,1318cc,,,PETROL,,,2023-02-07,,,JAZZ SE I-VTEC,,RED,2016-06,,,,,,M1,,2 AXLE RIGID BODY,2016,1,,,76124,4200,2024-07-17 04:16:19,10.0,,,115
167,CP02ZZZ,,LAND ROVER,Untaxed,Valid,,0,4197,,,PETROL,,,2024-06-10,,,RANGE ROVER SP HSE SC A,,BLACK,2007-06,,,,,,M1,,2 AXLE RIGID BODY,2007,1,374,LAND ROVER,101148,5500,2024-11-22 08:38:00,10.0,2024-11-14,2025-10-23,53
58,GM14UOE,,SKODA OCTAVIA,✗ Expired: 21 Mar 2024 42 days ago,✓ Expires: 22 Jun 2024 52 days left,NO,8449,1598 cc,,EURO 5,Diesel,,84488.0,31 July 2015,£45,No,OCTAVIA SE TDI CR,OCTAVIA,Beige,2014.07.01,Maidstone,MEDIUM,£0,,,M1,9 Years 10 Months,2 AXLE RIGID BODY,2014,1,99 g/km (A,SKODA,96000,5200,2024-05-02 06:56:25,11.0,2024-03-21,2024-06-22,10
91,WF62 KYT,,Kia Venga,,,,0,1591,,,PETROL,,,2021-04-12,,,VENGA 3 ECODYNAMICS,,SILVER,2012-12,,,,,,M1,,2 AXLE RIGID BODY,2012,1,,,103479,2700,2024-08-02 05:58:28,11.0,,,62
104,KP14AEV,,,Expires: 01 Sep 2025,Expires: 15 Feb 2025,,0,,,,,,,,,,IBIZA S AC,,,,,,,,,,,,,1,,,62000,3995,2024-08-27 04:41:16,11.0,2025-09-01,2025-02-15,3
113,CK07GHO,,Ford Fiesta,,,,0,1242cc,,,PETROL,,,2011-06-21,,,FIESTA SILVER,,RED,2007-04,,,,,,M1,,2 AXLE RIGID BODY,2007,1,,,93000,1200,2024-08-27 05:03:06,11.0,,,45
98,DV65GVL,,Vauxhall Mokka,,,,0,,,,,,,,,,,,,,,,,,,,,,,1,,,127014,2995,2024-08-02 06:32:13,11.0,,,15
47,LS09LDX,,VOLKSWAGEN POLO,✗ Expired: 03 Mar 2024 55 days ago,✓ Expires: 02 Apr 2025 341 days left,NO,2930,1390 cc,,EURO 4,Petrol,,43953.0,18 August 2015,£45,No,POLO MATCH 80,POLO,Silver,2009.04.18,Stanmore / London,LOW,£200,£110,,M1,15 Years 0 Months,2 AXLE RIGID BODY,2009,1,150 g/km (,VOLKSWAGEN,43964,2995,2024-04-24 02:29:30,12.0,2024-03-03,2025-04-02,1
42,VF15DKD,,KIA RIO,✗ Expired: 27 Mar 2024 29 days ago,✓ Expires: 16 Oct 2024 175 days left,NO,10065,1248 cc,,EURO 6,Petrol,,90586.0,01 October 2019,£45,No,RIO SR7,RIO,Black,2015.07.22,Worcester,MEDIUM,£35,,,M1,8 Years 9 Months,2 AXLE RIGID BODY,2015,1,115 g/km (,KIA,95000,4500,2024-04-23 06:29:37,12.0,2024-03-27,2024-10-16,10
112,BG07XVR,,Subaru IMPREZA RX,,,,0,,,,,,,,,,IMPREZA RX,,,,,,,,,,,,,1,,,89000,3995,2024-08-27 04:58:03,12.0,,,26
150,LE06OHH,,VOLKSWAGEN,Untaxed,Valid,,0,1984,,,PETROL,,,2013-01-22,,,BEETLE CABRIOLET,,BEIGE,2006-08,,,,,,M1,,2 AXLE RIGID BODY,2006,1,211,VOLKSWAGEN,80252,1995,2024-10-24 08:07:23,12.0,2024-10-17,2025-09-01,21
196,MK12UYO,,PEUGEOT,Taxed,Valid,,0,1997,,,DIESEL,,,2024-09-02,,,508 SR HDI,,BLACK,2012-03,,,,,,M1,,2 AXLE RIGID BODY,2012,1,119,PEUGEOT,89303,2600,2025-02-08 06:57:26,12.0,2025-03-01,2026-02-03,21
48,P500OCO,,FIAT 500,✗ Expired: 04 Apr 2024 22 days ago,✓ Expires: 20 Feb 2025 301 days left,NO,2642,1368 cc,,EURO 5,Petrol,,39623.0,27 February 2024,£45,No,500 LOUNGE,500,White,2009.02.20,,LOW,£200,£110,,M1,15 Years 2 Months,2 AXLE RIGID BODY,2009,1,149 g/km (,FIAT,39623,3995,2024-04-24 02:40:43,13.0,2024-04-04,2025-02-20,0
55,LX17 JVH,,NISSAN X-TRAIL,✗ Expired: 25 Feb 2024 64 days ago,✓ Expires: 13 Feb 2025 291 days left,NO,7268,1598 cc,,EURO 6,Diesel,,50877.0,03 March 2022,£45,No,,X-TRAIL,Black,2017.03.07,Sidcup / London,MEDIUM,£150,£82.50,,M1,7 Years 1 Months,2 AXLE RIGID BODY,2017,1,129 g/km (,NISSAN,51890,9700,2024-04-29 05:48:04,13.0,2024-02-25,2025-02-13,9
95,SB12 EFS,,,,,,0,,,,,,,,,,,,,,,,,,,,,,,1,,,100019,4800,2024-08-02 06:08:47,13.0,,,7
144,DA07KCU,,VOLKSWAGEN,Untaxed,Valid,,0,1896,,,DIESEL,,,2013-12-05,,,GOLF MATCH TDI 105,,BLUE,2007-06,,,,,,M1,,2 AXLE RIGID BODY,2007,1,132,VOLKSWAGEN,149837,1700,2024-10-17 06:09:15,13.0,2024-09-01,2025-09-04,15
174,DX16YUS,,HONDA,Untaxed,Valid,,0,1597,,,DIESEL,,,2021-01-04,,,CIVIC I-DTEC SE PLUS NAVI,,BLUE,2016-03,,,,,,M1,,2 AXLE RIGID BODY,2016,1,94,HONDA,105629,5500,2024-12-04 09:45:44,13.0,2024-10-28,2025-12-01,36
120,WN08JYG,,Honda Jazz SE,Expired: 31 Aug 2024,Expires: 21 May 2025,No,0,4,,Show ULEZ status,1339 cc,,,Bristol / West of England,,,Silver,,Car,05 February 2024,2008,,£104.50,Road tax rates are i,,,31 March 2008,,See a full,1,,Jazz Se,60000,2500,2024-09-13 04:24:35,14.0,2024-08-31,2025-05-21,24
107,BJ12ERY,,Volvo XC60,,,,0,2400,,,DIESEL,,,2018-05-11,,,XC60 SE LUX NAV D5 AWD AUTO,,GOLD,2012-06,,,,,,M1,,2 AXLE RIGID BODY,2012,1,,,135000,4995,2024-08-27 04:44:05,14.0,,,21
161,VF15DKD,,KIA,Untaxed,Valid,,0,1248,,,PETROL,,,2019-10-01,,,RIO SR7,,BLACK,2015-07,,,,,,M1,,2 AXLE RIGID BODY,2015,1,115,KIA,90586,3995,2024-11-04 09:43:58,14.0,2024-03-27,2025-09-02,10
137,BF11FFJ,,RENAULT,Taxed,Valid,,0,1461,,,DIESEL,,,2023-12-19,,,CLIO DYNAMIQUE TOMTOM DCI,,BEIGE,2011-05,,,,,,M1,,2 AXLE RIGID BODY,2011,1,106,RENAULT,96721,1800,2024-10-12 07:02:31,14.0,2024-12-01,2025-10-13,61
175,LP61UBT,,PEUGEOT,Untaxed,Valid,,0,1598,,,PETROL,,,2021-01-14,,,207 ALLURE AUTO,,BLACK,2012-01,,,,,,M1,,2 AXLE RIGID BODY,2012,1,160,PEUGEOT,54683,3900,2024-12-04 09:47:20,14.0,2024-10-28,2025-02-06,43
157,HW02CCW,,DACIA,Untaxed,Valid,,0,1461,,,DIESEL,,,2015-11-23,,,DUSTER LAUREATE DCI 4X4,,WHITE,2013-09,,,,,,M1,,2 AXLE RIGID BODY,2013,1,135,DACIA,77540,4100,2024-10-30 07:17:31,14.0,2024-10-04,2025-09-13,17
198,LO12UKZ,,HONDA,Untaxed,Valid,,0,1198,,,PETROL,,,2012-06-28,,,JAZZ I-VTEC S AC,,RED,2012-06,,,,,,M1,,2 AXLE RIGID BODY,2012,1,123,HONDA,99370,2900,2025-02-08 07:29:24,14.0,2024-10-30,2025-11-14,37
49,SP17WXA,,NISSAN LEAF,✓ Expires: 01 May 2024 4 days left,✓ Expires: 08 Jan 2025 257 days left,NO,11924,0 cc,,EURO 6,Electric,,83470.0,04 April 2022,£45,No,LEAF TEKNA 30KWH,LEAF,Grey,2017.03.10,Dundee,MEDIUM,£0,,,M1,7 Years 1 Months,2 AXLE RIGID BODY,2017,1,0 g/km (A),NISSAN,83470,4995,2024-04-25 03:36:55,15.0,2024-05-01,2025-01-08,24
52,CP61KZC,,VOLKSWAGEN PASSAT,✓ Expires: 01 Oct 2024 155 days left,✓ Expires: 17 Jan 2025 264 days left,NO,9726,1968 cc,,EURO 5,Diesel,,126437.0,27 March 2024,£45,Yes,PASSAT GT CC TDI170 BL TECH SA,PASSAT,Black,2011.12.08,Swansea,MEDIUM,£200,£110,,M1,12 Years 4 Months,2 AXLE RIGID BODY,2011,1,144 g/km (,VOLKSWAGEN,127524,3600,2024-04-29 05:41:58,15.0,2024-10-01,2025-01-17,12
85,FE59SYP,,,,,,0,,,,,,,,,,POLO MATCH 60,,,,,,,,,,,,,1,,,130000,1995,2024-07-22 07:36:07,15.0,,,15
102,PK16 KNY,,Vauxhall Insignia,Expired: 04 Sep 2024,Expires: 15 Aug 2025,,0,1598cc,,,DIESEL,,,2024-08-21,,,INSIGNIA SRI NAV CDTI,,GREEN,2016-04,,,,,,M1,,2 AXLE RIGID BODY,2016,1,,,104000,4500,2024-08-27 04:24:44,15.0,2024-09-04,2025-08-15,25
129,CA16PZJ,,KIA SPORTAGE ,Untaxed,Valid,,0,1685,,,DIESEL,,,2023-09-30,,,SPORTAGE 4 CRDI ISG,,WHITE,2016-06,,,,,,M1,,2 AXLE RIGID BODY,2016,1,119,KIA,125273,6800,2024-10-09 05:55:24,15.0,2024-09-27,2025-06-14,19
182,DY62GGV,,FIAT,Untaxed,Valid,,0,1242,,,PETROL,,,2021-05-04,,,PUNTO POP,,WHITE,2012-09,,,,,,M1,,2 AXLE RIGID BODY,2012,1,123,FIAT,80365,1995,2024-12-11 06:17:30,15.0,2024-11-21,2025-08-31,27
191,SP08UJE,,LAND ROVER,Untaxed,Valid,,0,3628,,,DIESEL,,,2019-10-21,,,RANGE ROVER SP HSE TDV8 A,,BLACK,2008-03,,,,,,M1,,2 AXLE RIGID BODY,2008,1,294,LAND ROVER,103000,4500,2025-02-04 05:47:25,15.0,2024-12-24,2026-01-28,27
56,RA53 ZPE,,TOYOTA AVENSIS,✗ Expired: 13 Mar 2024 47 days ago,✓ Expires: 07 Feb 2025 285 days left,NO,6282,1995 cc,,EURO 4,Diesel,,131932.0,23 February 2012,£45,No,,AVENSIS,Green,2003.11.14,Reading,MEDIUM,£240,£132,,M1,20 Years 5 Months,2 AXLE RIGID BODY,2003,1,158 g/km (,TOYOTA,131932,1400,2024-04-29 05:57:57,16.0,2024-03-13,2025-02-07,14
88,FT60 PUO,,,,,,0,,,,,,,,,,,,,,,,,,,,,,,1,,,84082,4400,2024-08-02 05:50:08,16.0,,,23
140,HJ10WJX,,MAZDA,Untaxed,Valid,,0,1349,,,PETROL,,,2024-02-26,,,2 TAMURA,,GREY,2010-03,,,,,,M1,,2 AXLE RIGID BODY,2010,1,125,MAZDA,97705,1995,2024-10-12 08:16:17,16.0,2024-08-21,2024-11-14,17
178,KS06ACJ,,PEUGEOT,Untaxed,Valid,,0,1997,,,DIESEL,,,2018-12-01,,,407 SE HDI,,GREY,2006-06,,,,,,M1,,2 AXLE RIGID BODY,2006,1,155,PEUGEOT,74884,1995,2024-12-11 05:20:01,16.0,2024-11-12,2025-06-01,16
34,WF61EOE,,LAND ROVER FREELANDER,✓ Expires: 01 Oct 2024 161 days left,✓ Expires: 15 Nov 2024 207 days left,NO,11268,2179 cc,,EURO 5,Diesel,,146483.0,14 March 2019,£45,No,FREELANDER GS TD4 AUTO,FREELANDER,Grey,2011.09.29,Exeter,MEDIUM,£320,£176,,M1,12 Years 5 Months,2 AXLE RIGID BODY,2011,1,185 g/km (,LAND ROVER,146483,4700,2024-02-11 11:44:35,17.0,2024-10-01,2024-11-15,1
90,PK16 KNY,,,,,,0,,,,,,,,,,,,,,,,,,,,,,,1,,,104223,5100,2024-08-02 05:57:12,17.0,,,5
183,LG59XZC,,VOLKSWAGEN,Untaxed,Valid,,0,1968,,,DIESEL,,,2012-09-20,,,PASSAT HIGHLINE TDI 140,,RED,2009-09,,,,,,M1,,2 AXLE RIGID BODY,2009,1,148,VOLKSWAGEN,106499,2995,2024-12-11 06:24:23,17.0,2024-11-13,2025-09-04,7
123,FM66UJC,,Vauxhall Corsa Energy,Expired: 05 Sep 2024,Expires: 13 Feb 2025,No,0,6b,,Show ULEZ status,1398 cc,,,Nottingham / Forest and Fens (East Midlands),,,White,,Car,22 May 2021,2017,,£N/A,Road tax rates are i,,,31 January 2017,,See a full,1,,Corsa Energy Ac Ecoflex,51006,4500,2024-09-14 04:56:41,17.0,2024-09-05,2025-02-13,22
78,GY56XVP,,BMW 3 SERIES,✓ Expires: 01 Aug 2024 35 days left,✓ Expires: 02 Jun 2025 341 days left,NO,6442,2497 cc,,EURO 4,Petrol,,115963.0,26 September 2022,£45,No,325I SE AUTO,3 SERIES,Green,2006.09.30,Brighton,MEDIUM,£415,£228.25,,M1,17 Years 9 Months,2 AXLE RIGID BODY,2006,1,218 g/km (,BMW,115963,2400,2024-06-27 01:54:04,18.0,2024-08-01,2025-06-02,37
125,SR51MGV,,Toyota Corolla,Untaxed,Not valid,,0,1398,,,PETROL,,,2024-08-20,,,COROLLA TSPIRIT VVTI,,BLUE,2002-02,,,,,,M1,,2 AXLE RIGID BODY,2002,1,159,TOYOTA,49000,2500,2024-09-30 02:55:38,18.0,2024-09-04,2024-09-21,22
147,PX63UCR,,AUDI,Taxed,Not valid,,0,1968,,,DIESEL,,,2023-12-12,,,A3 SPORT TDI,,SILVER,2013-10,,,,,,M1,,2 AXLE RIGID BODY,2013,1,108,AUDI,108422,5500,2024-10-18 09:44:54,18.0,2024-11-01,2024-04-18,35
193,VK15BBV,,SKODA,Untaxed,Valid,,0,1390,,,PETROL,,,2024-11-19,,,RAPIDSP-BK SE TECH GTECH TSISA,,GREY,2015-03,,,,,,M1,,2 AXLE RIGID BODY,2015,1,127,SKODA,129946,3900,2025-02-04 06:36:17,18.0,2025-01-20,2026-01-24,29
43,DY08WSU,,FORD RANGER,✗ Expired: 09 Apr 2024 17 days ago,✓ Expires: 23 Jan 2025 273 days left,NO,8222,2500 cc,,EURO 4,Diesel,,131547.0,14 November 2023,£45,No,RANGER THUNDER D/C 4WD,RANGER,Silver,2008.03.14,Shrewsbury,MEDIUM,£320,£176,,N1,16 Years 1 Months,2 AXLE RIGID BODY,2008,1,0 g/km (A),FORD,137000,4500,2024-04-23 06:40:05,19.0,2024-04-09,2025-01-23,12
94,AF13 LYV,,Vauxhall Zafira,,,,0,,,,,,,,,,,,,,,,,,,,,,,1,,,80080,2995,2024-08-02 06:07:51,19.0,,,11
166,WK65LZD,,NISSAN,Untaxed,Valid,,0,1461,,,DIESEL,,,2022-06-27,,,JUKE TEKNA DCI,,GREY,2015-09,,,,,,M1,,2 AXLE RIGID BODY,2015,1,104,NISSAN,78827,5995,2024-11-19 04:10:03,19.0,2024-11-02,2025-01-19,6
162,EK58OCU,,HONDA,Untaxed,Not valid,,0,1339,,,PETROL,,,2011-10-17,,,JAZZ SPORT,,SILVER,2008-10,,,,,,M1,,2 AXLE RIGID BODY,2008,1,137,HONDA,66558,2400,2024-11-04 09:58:05,19.0,2024-09-27,2024-10-14,27
177,LO59HDK,,HONDA,Untaxed,Valid,,0,2204,,,DIESEL,,,2011-11-25,,,CIVIC EX I-CTDI,,SILVER,2009-12,,,,,,M1,,2 AXLE RIGID BODY,2009,1,139,HONDA,37131,5995,2024-12-11 05:18:41,19.0,2024-12-02,2025-07-26,14
32,BJ64YMK,,VOLKSWAGEN JETTA,✓ Expires: 01 Apr 2025 343 days left,✓ Expires: 16 Jan 2025 269 days left,NO,7825,1968 cc,,EURO 5,Diesel,,78246.0,20 December 2018,£45,No,JETTA SPORT TDI S-A,JETTA,Grey,2014.09.30,Birmingham,MEDIUM,£180,£99,,M1,9 Years 4 Months,2 AXLE RIGID BODY,2014,1,138 g/km (,VOLKSWAGEN,86000,0,2024-01-06 13:33:47,19.0,2025-04-01,2025-01-16,0
16,DK07LHE,,VOLKSWAGEN EOS,✗ Expired: 31 Aug 2022 603 days ago,✓ Expires: 17 Oct 2024 176 days left,NO,4544,1968 cc,,EURO 4,Diesel,,72709.0,07 August 2022,£45,No,,EOS,Purple,2007.07.03,Chester,LOW,£320,£176,,M1,16 Years 5 Months,2 AXLE RIGID BODY,2007,1,177 g/km (,VOLKSWAGEN,72000,3400,2023-12-17 05:00:22,20.0,2022-08-31,2024-10-17,32
65,ML15VPJ,,SKODA YETI,✗ Expired: 09 Apr 2024 41 days ago,✓ Expires: 01 Apr 2025 317 days left,NO,12317,1968 cc,,EURO 5,Diesel,,110849.0,14 October 2018,£45,No,YETI OUTDOOR S TDI CR,YETI,Silver,2015.03.31,Manchester,HIGH,£180,£99,,M1,9 Years 2 Months,2 AXLE RIGID BODY,2015,1,134 g/km (,SKODA,111000,5100,2024-05-20 09:34:37,20.0,2024-04-09,2025-04-01,56
16,DK07LHE,,VOLKSWAGEN EOS,✗ Expired: 31 Aug 2022 603 days ago,✓ Expires: 17 Oct 2024 176 days left,NO,4544,1968 cc,,EURO 4,Diesel,,72709.0,07 August 2022,£45,No,,EOS,Purple,2007.07.03,Chester,LOW,£320,£176,,M1,16 Years 5 Months,2 AXLE RIGID BODY,2007,1,177 g/km (,VOLKSWAGEN,72000,3400,2023-12-17 05:00:22,20.0,2022-08-31,2024-10-17,32
84,FR12ZNV,,Audi A3,,,,0,,,,,,,,,,A3 SPORT TDI,,,,,,,,,,,,,1,,,92000,3850,2024-07-22 07:34:23,20.0,,,32
105,VE65OWM,,Kia Rio SR7,,,,0,,,,,,,,,,RIO SR7,,,,,,,,,,,,,1,,,87000,4600,2024-08-27 04:42:08,20.0,,,17
126,HY65HLF,,RENAULT CLIO,Untaxed,Valid,,0,1461,,,DIESEL,,,2021-01-30,,,CLIO DYNAMIQUE NAV DCI,,BLACK,2015-09,,,,,,M1,,2 AXLE RIGID BODY,2015,1,85,RENAULT,108999,3995,2024-09-30 03:29:04,20.0,2024-09-07,2025-08-29,2
31,OE53CUV,,NISSAN MICRA,✓ Expires: 01 Jan 2025 330 days left,✓ Expires: 21 Mar 2024 45 days left,NO,1563,1240 cc,,EURO 4,Petrol,,32819.0,14 March 2021,£45,No,MICRA S,MICRA,Blue,2003.10.28,Oxford,LOW,£200,£110,,M1,20 Years 3 Months,2 AXLE RIGID BODY,2003,1,143 g/km (,NISSAN,33000,0,2024-01-06 13:28:25,20.0,2025-01-01,2024-03-21,0
30,DE64XBP,,VOLVO V60,✓ Expires: 01 Dec 2024 284 days left,✓ Expires: 31 Oct 2024 254 days left,NO,13041,1969 cc,,EURO 6,Diesel,,130408.0,27 October 2021,£45,No,V60 BUSINESS EDITION D4,V60,Grey,2014.10.30,Chester,HIGH,£0,,,M1,9 Years 3 Months,2 AXLE RIGID BODY,2014,1,99 g/km (A,VOLVO,131000,5600,2024-01-06 13:26:50,21.0,2024-12-01,2024-10-31,2
103,DY11AXJ,,,,,,0,,,,,,,,,,INSIGNIA SRI,,,,,,,,,,,,,1,,,66620,2600,2024-08-27 04:40:11,21.0,,,4
109,DV62XXY,,Vauxhall Corsa SE,,,,0,,,,,,,,,,CORSA SE,,,,,,,,,,,,,1,,,79000,2995,2024-08-27 04:47:59,21.0,,,19
186,MT10FUY,,AUDI,Untaxed,Valid,,0,1968,,,DIESEL,,,2023-12-15,,,A4 SE TDI 6SP,,BLACK,2010-06,,,,,,M1,,2 AXLE RIGID BODY,2010,1,134,AUDI,137742,2300,2024-12-29 06:39:24,21.0,2024-06-06,2025-03-06,1
1,GU10TZS,,CITROEN C3,✓ SORN,✓ Expires: 16 Aug 2024 114 days left,NO,7032,1560 cc,,EURO 4,Diesel,,91415.0,02 September 2023,£45,No,C3 PICASSO EXCLUSIVE HDI,C3,Blue,2010.03.01,Brighton,MEDIUM,£35,,,M1,13 Years 8 Months,2 AXLE RIGID BODY,2010,1,119 g/km (,CITROEN,93000,2000,2023-11-28 13:02:04,22.0,,2024-08-16,32
118,VE60YCY,,,,,,0,,,,,,,,,,OCTAVIA ELEGANCE TDI CR,,,,,,,,,,,,,1,,,104000,3500,2024-09-06 02:40:50,22.0,,,4
143,WR59HYX,,SKODA FABIA,Untaxed,Valid,,0,1198,,,PETROL,,,2012-01-11,,,FABIA 1 HTP 12V,,GREY,2009-11,,,,,,M1,,2 AXLE RIGID BODY,2009,1,140,SKODA,85872,2100,2024-10-17 06:05:41,22.0,2024-09-25,2024-12-17,4
181,CE64BWA,,ALFA ROMEO,Untaxed,Valid,,0,1956,,,DIESEL,,,2014-09-23,,,GIULIETTA DISTINCTIVE JTDM-2,,WHITE,2014-09,,,,,,M1,,2 AXLE RIGID BODY,2014,1,110,ALFA ROMEO,135314,2600,2024-12-11 05:27:05,23.0,2024-11-30,2025-10-20,24
199,BU63YVW,,FORD,Untaxed,Valid,,0,1997,,,DIESEL,,,2024-06-14,,,S-MAX ZETEC TDCI AUTO,,SILVER,2013-11,,,,,,M1,,2 AXLE RIGID BODY,2013,1,159,FORD,52925,5995,2025-02-20 08:42:00,23.0,2024-06-14,2025-12-04,4
28,WJ09PKU,,HONDA JAZZ,✗ Expired: 29 Nov 2023 97 days ago,✓ Expires: 03 Mar 2025 364 days left,NO,5390,1339 cc,,EURO 4,Petrol,,80847.0,06 June 2011,£45,No,JAZZ I-VTEC EX,JAZZ,Silver,2009.03.03,Exeter,MEDIUM,£150,£82.50,,M1,14 Years 10 Months,2 AXLE RIGID BODY,2009,1,130 g/km (,HONDA,82000,0,2024-01-06 11:22:15,23.0,2023-11-29,2025-03-03,0
93,LO59 MHY,,,,,,0,,,,,,,,,,,,,,,,,,,,,,,1,,,160112,1500,2024-08-02 06:06:23,24.0,,,26
44,BK09RPX,,VAUXHALL ASTRA,✗ Expired: 01 Aug 2023 268 days ago,✓ Expires: 17 Apr 2025 358 days left,NO,7131,1598 cc,,EURO 4,Petrol,,106962.0,06 August 2019,£45,No,ASTRA ACTIVE,ASTRA,Black,2009.03.31,Birmingham,MEDIUM,£240,£132,,M1,15 Years 1 Months,2 AXLE RIGID BODY,2009,1,155 g/km (,VAUXHALL,106962,1200,2024-04-23 06:41:05,24.0,2023-08-01,2025-04-17,4
197,LN17VML,,PEUGEOT,Untaxed,Valid,,0,1997,,,DIESEL,,,2017-03-03,,,508 ALLURE SW HDI BLUE S/S,,BLUE,2017-03,,,,,,M1,,2 AXLE RIGID BODY,2017,1,110,PEUGEOT,6400,6300,2025-02-08 07:05:34,24.0,2025-01-20,2025-04-25,12
26,SK10WHG,,HONDA JAZZ,✓ Expires: 01 Mar 2025 341 days left,✓ Expires: 01 Nov 2024 222 days left,NO,3810,1339 cc,,EURO 4,Petrol,,53334.0,27 May 2020,£45,No,JAZZ ES I-VTEC,JAZZ,Silver,2010.03.01,Edinburgh,LOW,£150,£82.50,,M1,13 Years 10 Months,2 AXLE RIGID BODY,2010,1,128 g/km (,HONDA,53000,4000,2024-01-06 09:28:49,25.0,2025-03-01,2024-11-01,1
119,CK61OSL,,I-VTEC,Expired: 12 Aug 2024,Expires: 28 Nov 2024,No,0,5a,,Show ULEZ status,1339 cc,,,Cardiff / Wales,,,Red,,Car,08 August 2024,2011,,£104.50,Road tax rates are i,,,17 December 2011,,See a full,1,,Civic Type S I-Vtec,75273,3500,2024-09-10 08:51:45,25.0,2024-08-12,2024-11-28,2
134,DA60FCO,,CITROEN,Untaxed,Valid,,0,1560,,,DIESEL,,,2018-01-11,,,BERLINGO MSPACE XTR HDI91,,BLUE,2011-02,,,,,,M1,,2 AXLE RIGID BODY,2011,1,139,CITROEN,107866,3995,2024-10-12 04:39:41,25.0,2024-08-02,2024-12-09,3
134,DA60FCO,,CITROEN,Untaxed,Valid,,0,1560,,,DIESEL,,,2018-01-11,,,BERLINGO MSPACE XTR HDI91,,BLUE,2011-02,,,,,,M1,,2 AXLE RIGID BODY,2011,1,139,CITROEN,107866,3995,2024-10-12 04:39:41,25.0,2024-08-02,2024-12-09,3
216,YX08LLW,,HONDA,Untaxed,Valid,,0,1339,,,PETROL,,,2023-06-06,,,JAZZ SPORT,,BLUE,2008-08,,,,,,M1,,2 AXLE RIGID BODY,2008,1,137,HONDA,73568,2995,2025-03-05 08:59:54,25.0,2025-02-21,2026-01-16,5
111,VN13OJD,,AURIS ICON D4-D,,,,0,,,,,,,,,,AURIS ICON D4-D,,,,,,,,,,,,,1,,,117000,3795,2024-08-27 04:50:39,25.0,,,0
18,SV60PFJ,,CITROEN BERLINGO,✗ Expired: 30 Nov 2023 25 days ago,✓ Expires: 06 Nov 2024 318 days left,NO,8057,1560 cc,,EURO 4,Diesel,,104743.0,05 December 2013,£45,No,BERLINGO M-SP XTR HDI,BERLINGO,Grey,2010.09.13,Aberdeen,MEDIUM,£200,£110,,M1,13 Years 3 Months,2 AXLE RIGID BODY,2010,1,149 g/km (,CITROEN,104000,3700,2023-12-25 05:10:11,26.0,2023-11-30,2024-11-06,1
122,RE10KCK,,Volvo XC60,Expired: 07 Sep 2024,Expires: 09 Feb 2025,No,0,4,,Show ULEZ status,2400 cc,,,Reading / Reading,,,Blue,,Car,11 January 2023,2010,,£140.25,Road tax rates are i,,,01 July 2010,,See a full,1,,Xc60 S D Drive,126878,4000,2024-09-14 04:54:06,26.0,2024-09-07,2025-02-09,0
17,WP62VSK,,VAUXHALL ZAFIRA,✓ Expires: 01 Apr 2025 343 days left,✓ Expires: 27 Jan 2025 280 days left,NO,11833,1686 cc,,EURO 5,Diesel,,118328.0,10 May 2016,£45,No,ZAFIRA EXCLUSIV CDTI,ZAFIRA,Black,2013.01.28,Bristol,MEDIUM,£180,£99,,M1,10 Years 11 Months,2 AXLE RIGID BODY,2013,1,134 g/km (,VAUXHALL,121000,2995,2023-12-24 14:02:32,27.0,2025-04-01,2025-01-27,1
128,LS11UKZ,,SKODA OCTAVIA,Untaxed,Valid,,0,1390,,,PETROL,,,2012-03-22,,,OCTAVIA ELEGANCE TSI,,MAROON,2011-03,,,,,,M1,,2 AXLE RIGID BODY,2011,1,148,SKODA,123271,3200,2024-10-09 05:27:56,27.0,2024-09-21,2025-03-25,0
136,WP11KXK,,SKODA,Untaxed,Valid,,0,1595,,,PETROL,,,2013-04-25,,,OCTAVIA SE MPI,,GREY,2011-06,,,,,,M1,,2 AXLE RIGID BODY,2011,1,168,SKODA,106982,2900,2024-10-12 06:44:06,27.0,2024-09-28,2024-11-19,0
194,RO09AVK,,HONDA,Untaxed,Valid,,0,1339,,,HYBRID ELECTRIC,,,2012-04-25,,,CIVIC ES IMA HYBRID,,GREY,2009-03,,,,,,M1,,2 AXLE RIGID BODY,2009,1,109,HONDA,91344,3995,2025-02-04 09:10:27,28.0,2025-01-31,2025-03-20,3
194,RO09AVK,,HONDA,Untaxed,Valid,,0,1339,,,HYBRID ELECTRIC,,,2012-04-25,,,CIVIC ES IMA HYBRID,,GREY,2009-03,,,,,,M1,,2 AXLE RIGID BODY,2009,1,109,HONDA,91344,3995,2025-02-04 09:10:27,28.0,2025-01-31,2025-03-20,3
15,RA53JCZ,,NISSAN 350 Z,✗ Expired: 19 Jul 2023 151 days ago,✓ Expires: 29 Jun 2024 196 days left,NO,5339,3498 cc,,EURO 3,Petrol,,101440.0,19 December 2012,£45,No,350Z,350 Z,Blue,2004.01.30,Reading,MEDIUM,£395,£217.25,,M1,19 Years 11 Months,2 AXLE RIGID BODY,2004,1,273 g/km (,NISSAN,104000,6500,2023-12-17 03:31:00,29.0,2023-07-19,2024-06-29,1
14,RV13BKD,,VOLKSWAGEN PASSAT,✗ Expired: 20 Sep 2023 188 days ago,✓ Expires: 22 Feb 2025 334 days left,NO,8576,1968 cc,,EURO 5,Diesel,,85758.0,28 November 2019,£45,No,PASSAT HIGHLINE TDI BLUE TECH,PASSAT,Brown,2013.03.25,Reading,MEDIUM,£35,,,M1,10 Years 9 Months,2 AXLE RIGID BODY,2013,1,119 g/km (,VOLKSWAGEN,95000,5500,2023-12-07 02:32:05,30.0,2023-09-20,2025-02-22,2
189,EO12KZU,,FORD,Taxed,Valid,,0,1997,,,DIESEL,,,2018-03-08,,,S-MAX TITAN XSPORT TDCI,,WHITE,2012-03,,,,,,M1,,2 AXLE RIGID BODY,2012,1,149,FORD,102137,5995,2025-01-30 10:06:39,30.0,2025-03-01,2025-03-19,0
202,MA13EEH,,VOLKSWAGEN,Taxed,Valid,,0,1968,,,DIESEL,,,2019-05-01,,,BEETLE 60S EDITION TDI S-A,,BLUE,2013-06,,,,,,M1,,2 AXLE RIGID BODY,2013,1,145,VOLKSWAGEN,1,1,2025-02-27 04:22:11,30.0,2025-05-01,2025-04-29,4
218,AU15UBL,,SUBARU,Untaxed,Valid,,0,2498,,,PETROL,,,2020-03-20,,,OUTBACK SE SYMMETRICAL AWD CVT,,GREY,2015-03,,,,,,M1,,2 AXLE RIGID BODY,2015,1,161,SUBARU,105301,8200,2025-03-05 09:02:03,30.0,2025-03-01,2025-03-24,2
218,AU15UBL,,SUBARU,Untaxed,Valid,,0,2498,,,PETROL,,,2020-03-20,,,OUTBACK SE SYMMETRICAL AWD CVT,,GREY,2015-03,,,,,,M1,,2 AXLE RIGID BODY,2015,1,161,SUBARU,105301,8200,2025-03-05 09:02:03,30.0,2025-03-01,2025-03-24,2
13,EF62JHE,,NISSAN QASHQAI,✗ Expired: 19 Aug 2023 184 days ago,✓ Expires: 14 Jan 2025 331 days left,NO,6228,1461 cc,,EURO 5,Diesel,,62283.0,10 July 2019,£45,No,QASHQAI 360 DCI,QASHQAI,Black,2013.01.22,Chelmsford,MEDIUM,£150,£82.50,,M1,10 Years 11 Months,2 AXLE RIGID BODY,2013,1,129 g/km (,NISSAN,65000,6000,2023-12-04 11:15:12,31.0,2023-08-19,2025-01-14,2
195,HN13YAX,,VOLKSWAGEN,Untaxed,Valid,,0,1390,,,PETROL,,,2020-09-29,,,GOLF GT TSI S-A,,GREY,2013-07,,,,,,M1,,2 AXLE RIGID BODY,2013,1,148,VOLKSWAGEN,84826,5995,2025-02-04 09:10:55,34.0,2025-01-29,2025-11-30,0
210,LM57GUG,,HONDA,Taxed,Valid,,0,1998,,,PETROL,,,2013-07-26,,,ACCORD EX I-VTEC AUTO,,SILVER,2008-01,,,,,,M1,,2 AXLE RIGID BODY,2008,1,200,HONDA,104064,2995,2025-02-28 06:32:33,36.0,2025-08-01,2026-02-12,0
145,BN10FGM,,HONDA,Untaxed,Valid,,0,1339,,,HYBRID ELECTRIC,,,2020-07-31,,,INSIGHT ES CVT,,BLACK,2010-03,,,,,,M1,,2 AXLE RIGID BODY,2010,1,105,HONDA,120516,3600,2024-10-18 09:41:44,39.0,2024-10-11,2025-02-03,0
173,LP61UPT,,MERCEDES-BENZ,Untaxed,Valid,,0,2987,,,DIESEL,,,2016-06-10,,,E350 SPORT ED125 CDI BLUE-CY A,,SILVER,2012-02,,,,,,M1,,2 AXLE RIGID BODY,2012,0,162,MERCEDES-BENZ,110137,6500,2024-12-04 09:45:04,1.0,2024-10-25,2025-02-04,18
179,OW18HZJ,,NISSAN,Taxed,Valid,,0,2298,,,DIESEL,,,2022-04-20,,,NAVARA N-CONNECTA DCI,,BLACK,2018-07,,,,,,N1,,2 AXLE RIGID BODY,2018,0,167,NISSAN,136973,10800,2024-12-11 05:24:49,2.0,2025-07-01,2025-07-17,31
204,CP02ZZZ,,LAND ROVER,Untaxed,Valid,,0,4197,,,PETROL,,,2024-06-10,,,RANGE ROVER SP HSE SC A,,BLACK,2007-06,,,,,,M1,,2 AXLE RIGID BODY,2007,0,374,LAND ROVER,101148,5500,2025-02-27 09:08:51,3.0,2024-11-14,2025-10-23,21
223,AU15UBL,,SUBARU,Untaxed,Valid,,0,2498,,,PETROL,,,2020-03-20,,,OUTBACK SE SYMMETRICAL AWD CVT,,GREY,2015-03,,,,,,M1,,2 AXLE RIGID BODY,2015,0,161,SUBARU,105301,8200,2025-03-11 09:36:16,4.0,2025-03-01,2026-03-24,18
171,EY65WUA,,BMW,Untaxed,Valid,,0,1995,,,DIESEL,,,2023-07-22,,,320D ED PLUS,,WHITE,2015-09,,,,,,M1,,2 AXLE RIGID BODY,2015,0,102,BMW,149239,4600,2024-11-27 06:24:05,5.0,2024-11-15,2025-07-19,92
148,RO14SUF,,AUDI,Untaxed,Valid,,0,1968,,,DIESEL,,,2024-09-30,,,Q3 S LINE TDI QUATTRO S-A,,WHITE,2014-07,,,,,,M1,,2 AXLE RIGID BODY,2014,0,156,AUDI,66334,8700,2024-10-18 09:45:59,6.0,2024-10-07,2025-01-02,146
149,LS14APU,,MERCEDES-BENZ,Taxed,Not valid,,0,2143,,,DIESEL,,,2024-09-28,,,E220 AMG SPORT CDI AUTO,,SILVER,2014-03,,,,,,M1,,2 AXLE RIGID BODY,2014,0,128,MERCEDES-BENZ,68269,9995,2024-10-18 09:46:58,7.0,2025-07-01,2024-09-05,58
212,CK56HCE,,SKODA,Untaxed,Valid,,0,1896,,,DIESEL,,,2012-02-10,,,OCTAVIA AMBIENTE TDI PD8V,,SILVER,2006-10,,,,,,M1,,2 AXLE RIGID BODY,2006,0,138,SKODA,123978,1995,2025-02-28 06:38:06,8.0,2025-02-10,2026-01-14,28
192,KY66GXF,,CITROEN,Untaxed,Valid,,0,1560,,,DIESEL,,,2024-12-31,,,C4 CACTUS FLAIR BLUEHDI,,BLACK,2016-09,,,,,,M1,,2 AXLE RIGID BODY,2016,0,95,CITROEN,110755,4500,2025-02-04 06:34:25,9.0,2025-01-09,2025-12-29,39
169,OV62WZY,,CITROEN,Untaxed,Valid,,0,1560,,,DIESEL,,,2013-02-13,,,BERLINGO MULTISPACE VTR HDI,,SILVER,2013-01,,,,,,M1,,2 AXLE RIGID BODY,2013,0,135,CITROEN,143865,2700,2024-11-22 08:40:54,10.0,2024-11-08,2024-12-16,36
190,VN62CVJ,,VOLKSWAGEN,Untaxed,Valid,,0,1968,,,DIESEL,,,2021-01-19,,,TIGUAN SE TDI BLUEMOTION TECH,,WHITE,2012-10,,,,,,M1,,2 AXLE RIGID BODY,2012,0,139,VOLKSWAGEN,135002,4500,2025-01-30 10:07:52,11.0,2025-01-23,2025-03-30,35
141,LD55YKS,,KIA,Taxed,Valid,,0,2497,,,DIESEL,,,2016-07-27,,,SORENTO CRDI XE,,BLACK,2005-09,,,,,,M1,,2 AXLE RIGID BODY,2005,0,204,KIA,124321,2200,2024-10-12 08:20:24,13.0,2025-06-01,2025-02-12,26
221,EJ66YMW,,FORD,Untaxed,Valid,,0,1242,,,PETROL,,,2019-11-01,,,FIESTA ZETEC,,SILVER,2016-11,,,,,,M1,,2 AXLE RIGID BODY,2016,0,122,FORD,104747,4995,2025-03-11 09:05:25,15.0,2025-02-27,2025-10-14,12
138,DV15WKN,,VAUXHALL,Untaxed,Not valid,,0,1598,,,DIESEL,,,2021-09-17,,,VIVARO 2700 CDTI,,WHITE,2015-03,,,,,,N1,,2 AXLE RIGID BODY,2015,0,170,VAUXHALL,92256,5600,2024-10-12 07:11:47,17.0,2024-06-30,2024-06-18,12
187,LT10UFX,,SKODA,Untaxed,Valid,,0,1798,,,PETROL,,,2018-07-02,,,OCTAVIA SE TSI,,GREY,2010-05,,,,,,M1,,2 AXLE RIGID BODY,2010,0,158,SKODA,105004,2995,2024-12-30 04:07:58,18.0,2024-10-31,2025-09-29,15
201,NA14MOV,,CITROEN,Untaxed,Valid,,0,1598,,,PETROL,,,2021-03-07,,,DS3 DSTYLE + AUTO,,WHITE,2014-05,,,,,,M1,,2 AXLE RIGID BODY,2014,0,150,CITROEN,65733,5995,2025-02-27 04:21:42,19.0,2025-02-12,2026-02-09,12
203,CK06OUU,,MERCEDES,Untaxed,Valid,,0,1796,,,PETROL,,,2021-09-02,,,C200 KOMPRESSOR SE AUTO,,GREY,2006-04,,,,,,M1,,2 AXLE RIGID BODY,2006,0,208,MERCEDES,1,2000,2025-02-27 08:53:26,20.0,2024-04-15,2025-04-11,9
200,LS02LCN,,AUDI,Untaxed,Valid,,0,1390,,,PETROL,,,2012-04-17,,,A2 SE,,GREY,2002-04,,,,,,M1,,2 AXLE RIGID BODY,2002,0,144,AUDI,999999,2500,2025-02-27 04:20:47,21.0,2024-08-08,2025-03-29,17
205,EO12KZU,,FORD,Taxed,Valid,,0,1997,,,DIESEL,,,2018-03-08,,,S-MAX TITAN XSPORT TDCI,,WHITE,2012-03,,,,,,M1,,2 AXLE RIGID BODY,2012,0,149,FORD,102137,5995,2025-02-28 05:40:52,22.0,2025-03-01,2026-02-09,26
206,MA13EHH,,SKODA,Untaxed,Valid,,0,1598,,,DIESEL,,,2016-07-19,,,OCTAVIA SE TDI CR,,SILVER,2013-04,,,,,,M1,,2 AXLE RIGID BODY,2013,0,119,SKODA,118227,3500,2025-02-28 05:51:48,23.0,2024-12-19,2025-06-23,25
209,RO09AVK,,HONDA,Untaxed,Valid,,0,1339,,,HYBRID ELECTRIC,,,2012-04-25,,,CIVIC ES IMA HYBRID,,GREY,2009-03,,,,,,M1,,2 AXLE RIGID BODY,2009,0,109,HONDA,91344,4200,2025-02-28 06:30:22,24.0,2025-01-31,2025-03-20,24
213,DA60FCO,,CITROEN,Untaxed,Valid,,0,1560,,,DIESEL,,,2018-01-11,,,BERLINGO MSPACE XTR HDI91,,BLUE,2011-02,,,,,,M1,,2 AXLE RIGID BODY,2011,0,139,CITROEN,107866,3995,2025-02-28 07:07:48,25.0,2024-08-02,2026-01-05,12
208,AV59SWN,,RENAULT,Untaxed,Valid,,0,1149,,,PETROL,,,2024-04-03,,,CLIO EXTREME,,BLUE,2009-10,,,,,,M1,,2 AXLE RIGID BODY,2009,0,139,RENAULT,49452,2500,2025-02-28 06:28:57,26.0,2025-02-14,2025-07-11,5
180,HV10OKZ,,RENAULT,Untaxed,Valid,,0,1149,,,PETROL,,,2018-10-16,,,CLIO DYNAMIQUE TCE,,BLACK,2010-03,,,,,,M1,,2 AXLE RIGID BODY,2010,0,129,RENAULT,79258,2200,2024-12-11 05:25:56,27.0,2024-11-27,2025-03-20,6
215,KD16EZE,,NISSAN,Untaxed,Valid,,0,1198,,,PETROL,,,2018-11-27,,,PULSAR N-CONNECTA DIG-T,,WHITE,2016-07,,,,,,M1,,2 AXLE RIGID BODY,2016,0,117,NISSAN,64993,6200,2025-03-05 08:58:23,28.0,2025-02-22,2025-07-06,22
214,MA12XSJ,,RENAULT,Taxed,Valid,,0,1149,,,PETROL,,,2022-12-23,,,CLIO DYNAMIQUE TOMTOM 16V,,RED,2012-05,,,,,,M1,,2 AXLE RIGID BODY,2012,0,135,RENAULT,118000,2500,2025-03-05 08:53:22,29.0,2025-04-01,2025-04-10,5
188,BP18MGU,,KIA,Untaxed,Valid,,0,1591,,,PETROL,,,2024-12-10,,,,,BLACK,2018-06,,,,,,M1,,2 AXLE RIGID BODY,2018,0,169,KIA,112361,9995,2024-12-30 04:09:51,30.0,2024-12-16,2025-05-23,0
207,LF60XXH,,HONDA,Untaxed,Valid,,0,1339,,,HYBRID ELECTRIC,,,2024-06-28,,,INSIGHT SE CVT,,BLACK,2010-09,,,,,,M1,,2 AXLE RIGID BODY,2010,0,101,HONDA,88151,4995,2025-02-28 06:24:20,31.0,2025-01-23,2025-07-29,0
211,DG61XMS,,HONDA,Untaxed,Valid,,0,1997,,,PETROL,,,2017-05-17,,,CR-V ES-T I-VTEC,,GREY,2011-09,,,,,,M1,,2 AXLE RIGID BODY,2011,0,190,HONDA,154631,2995,2025-02-28 06:36:30,32.0,2025-02-13,2025-05-07,0
217,KG56YOA,,AUDI,Untaxed,Valid,,0,1984,,,PETROL,,,2025-02-18,,,,,GREY,2006-11,,,,,,M1,,2 AXLE RIGID BODY,2006,0,183,AUDI,92918,3995,2025-03-05 09:00:53,33.0,2025-02-23,2025-07-22,0
219,GL17ZFO,,VOLKSWAGEN,Untaxed,Valid,,0,1968,,,DIESEL,,,2023-07-26,,,PASSAT SE BUSINESS TDI BMT S-A,,GREY,2017-05,,,,,,M1,,2 AXLE RIGID BODY,2017,0,121,VOLKSWAGEN,156901,5995,2025-03-11 05:20:48,34.0,2025-03-01,2025-08-20,0
222,RX15UWD,,FIAT,Untaxed,Not valid,,0,1242,,,PETROL,,,2025-02-17,,,500 LOUNGE,,GREEN,2015-03,,,,,,M1,,2 AXLE RIGID BODY,2015,0,111,FIAT,59181,5000,2025-03-11 09:05:57,35.0,2025-02-28,2025-03-02,0
1,GU10TZS,,CITROEN C3,✓ SORN,✓ Expires: 16 Aug 2024 114 days left,NO,7032,1560 cc,,EURO 4,Diesel,,91415.0,02 September 2023,£45,No,C3 PICASSO EXCLUSIVE HDI,C3,Blue,2010.03.01,Brighton,MEDIUM,£35,,,M1,13 Years 8 Months,2 AXLE RIGID BODY,2010,1,119 g/km (,CITROEN,93000,2000,2023-11-28 13:02:04,22.0,,2024-08-16,32
12,OV64BFE,,NISSAN X-TRAIL,✗ Expired: 25 Apr 2024 1 days ago,✓ Expires: 07 Oct 2024 165 days left,NO,13108,1598 cc,,EURO 5,Diesel,,117969.0,03 September 2023,£45,No,X-TRAIL N-TEC DCI 4X4,X-TRAIL,Silver,2014.09.30,Oxford,HIGH,£180,£99,,M1,9 Years 3 Months,2 AXLE RIGID BODY,2014,1,139 g/km (,NISSAN,118000,6500,2023-12-04 10:36:25,10.0,2024-04-25,2024-10-07,2
13,EF62JHE,,NISSAN QASHQAI,✗ Expired: 19 Aug 2023 184 days ago,✓ Expires: 14 Jan 2025 331 days left,NO,6228,1461 cc,,EURO 5,Diesel,,62283.0,10 July 2019,£45,No,QASHQAI 360 DCI,QASHQAI,Black,2013.01.22,Chelmsford,MEDIUM,£150,£82.50,,M1,10 Years 11 Months,2 AXLE RIGID BODY,2013,1,129 g/km (,NISSAN,65000,6000,2023-12-04 11:15:12,31.0,2023-08-19,2025-01-14,2
14,RV13BKD,,VOLKSWAGEN PASSAT,✗ Expired: 20 Sep 2023 188 days ago,✓ Expires: 22 Feb 2025 334 days left,NO,8576,1968 cc,,EURO 5,Diesel,,85758.0,28 November 2019,£45,No,PASSAT HIGHLINE TDI BLUE TECH,PASSAT,Brown,2013.03.25,Reading,MEDIUM,£35,,,M1,10 Years 9 Months,2 AXLE RIGID BODY,2013,1,119 g/km (,VOLKSWAGEN,95000,5500,2023-12-07 02:32:05,30.0,2023-09-20,2025-02-22,2
15,RA53JCZ,,NISSAN 350 Z,✗ Expired: 19 Jul 2023 151 days ago,✓ Expires: 29 Jun 2024 196 days left,NO,5339,3498 cc,,EURO 3,Petrol,,101440.0,19 December 2012,£45,No,350Z,350 Z,Blue,2004.01.30,Reading,MEDIUM,£395,£217.25,,M1,19 Years 11 Months,2 AXLE RIGID BODY,2004,1,273 g/km (,NISSAN,104000,6500,2023-12-17 03:31:00,29.0,2023-07-19,2024-06-29,1
16,DK07LHE,,VOLKSWAGEN EOS,✗ Expired: 31 Aug 2022 603 days ago,✓ Expires: 17 Oct 2024 176 days left,NO,4544,1968 cc,,EURO 4,Diesel,,72709.0,07 August 2022,£45,No,,EOS,Purple,2007.07.03,Chester,LOW,£320,£176,,M1,16 Years 5 Months,2 AXLE RIGID BODY,2007,1,177 g/km (,VOLKSWAGEN,72000,3400,2023-12-17 05:00:22,20.0,2022-08-31,2024-10-17,32
17,WP62VSK,,VAUXHALL ZAFIRA,✓ Expires: 01 Apr 2025 343 days left,✓ Expires: 27 Jan 2025 280 days left,NO,11833,1686 cc,,EURO 5,Diesel,,118328.0,10 May 2016,£45,No,ZAFIRA EXCLUSIV CDTI,ZAFIRA,Black,2013.01.28,Bristol,MEDIUM,£180,£99,,M1,10 Years 11 Months,2 AXLE RIGID BODY,2013,1,134 g/km (,VAUXHALL,121000,2995,2023-12-24 14:02:32,27.0,2025-04-01,2025-01-27,1
18,SV60PFJ,,CITROEN BERLINGO,✗ Expired: 30 Nov 2023 25 days ago,✓ Expires: 06 Nov 2024 318 days left,NO,8057,1560 cc,,EURO 4,Diesel,,104743.0,05 December 2013,£45,No,BERLINGO M-SP XTR HDI,BERLINGO,Grey,2010.09.13,Aberdeen,MEDIUM,£200,£110,,M1,13 Years 3 Months,2 AXLE RIGID BODY,2010,1,149 g/km (,CITROEN,104000,3700,2023-12-25 05:10:11,26.0,2023-11-30,2024-11-06,1
26,SK10WHG,,HONDA JAZZ,✓ Expires: 01 Mar 2025 341 days left,✓ Expires: 01 Nov 2024 222 days left,NO,3810,1339 cc,,EURO 4,Petrol,,53334.0,27 May 2020,£45,No,JAZZ ES I-VTEC,JAZZ,Silver,2010.03.01,Edinburgh,LOW,£150,£82.50,,M1,13 Years 10 Months,2 AXLE RIGID BODY,2010,1,128 g/km (,HONDA,53000,4000,2024-01-06 09:28:49,25.0,2025-03-01,2024-11-01,1
27,LS16VRC,,HONDA JAZZ,✗ Expired: 07 Dec 2023 140 days ago,✓ Expires: 08 Feb 2025 290 days left,NO,3144,1318 cc,,EURO 6,Petrol,,25148.0,29 March 2016,£45,No,JAZZ SE I-VTEC,JAZZ,Silver,2016.03.29,Stanmore / London,LOW,£35,,,M1,7 Years 10 Months,2 AXLE RIGID BODY,2016,1,116 g/km (,HONDA,29000,9200,2024-01-06 10:54:50,4.0,2023-12-07,2025-02-08,2
29,WX63NPU,,KIA SOUL,Untaxed,Valid,NO,7375,1582 cc,,EURO 5,Diesel,,81128.0,16 July 2019,£45,Yes,SOUL SHAKER CRDI,SOUL,Black,2013.09.06,Bristol,MEDIUM,£150,£82.50,,M1,10 Years 4 Months,2 AXLE RIGID BODY,2013,1,129 g/km (,KIA,87000,3995,2024-01-06 13:25:15,7.0,2023-12-02,2025-06-06,46
30,DE64XBP,,VOLVO V60,✓ Expires: 01 Dec 2024 284 days left,✓ Expires: 31 Oct 2024 254 days left,NO,13041,1969 cc,,EURO 6,Diesel,,130408.0,27 October 2021,£45,No,V60 BUSINESS EDITION D4,V60,Grey,2014.10.30,Chester,HIGH,£0,,,M1,9 Years 3 Months,2 AXLE RIGID BODY,2014,1,99 g/km (A,VOLVO,131000,5600,2024-01-06 13:26:50,21.0,2024-12-01,2024-10-31,2
33,MX60OUH,,AUDI TT,✗ Expired: 22 Sep 2023 214 days ago,✓ Expires: 11 Aug 2024 111 days left,NO,8445,1798 cc,,EURO 5,Petrol,,118228.0,08 October 2015,£45,No,TT TFSI,TT,White,2010.10.20,Manchester,MEDIUM,£240,£132,,M1,13 Years 3 Months,2 AXLE RIGID BODY,2010,1,152 g/km (,AUDI,119000,4300,2024-01-06 13:35:09,2.0,2023-09-22,2024-08-11,3
34,WF61EOE,,LAND ROVER FREELANDER,✓ Expires: 01 Oct 2024 161 days left,✓ Expires: 15 Nov 2024 207 days left,NO,11268,2179 cc,,EURO 5,Diesel,,146483.0,14 March 2019,£45,No,FREELANDER GS TD4 AUTO,FREELANDER,Grey,2011.09.29,Exeter,MEDIUM,£320,£176,,M1,12 Years 5 Months,2 AXLE RIGID BODY,2011,1,185 g/km (,LAND ROVER,146483,4700,2024-02-11 11:44:35,17.0,2024-10-01,2024-11-15,1
41,LR59XZW,,HONDA INSIGHT,✗ Expired: 26 Feb 2024 58 days ago,✓ Expires: 12 Jun 2024 50 days left,NO,8973,1339 cc,,EURO 5,Petrol,,134590.0,14 February 2013,£45,No,INSIGHT SE CVT,INSIGHT,Blue,2009.09.29,Stanmore / London,MEDIUM,£10,,,M1,14 Years 7 Months,2 AXLE RIGID BODY,2009,1,101 g/km (,HONDA,137000,3400,2024-04-23 06:27:38,10.0,2024-02-26,2024-06-12,0
42,VF15DKD,,KIA RIO,✗ Expired: 27 Mar 2024 29 days ago,✓ Expires: 16 Oct 2024 175 days left,NO,10065,1248 cc,,EURO 6,Petrol,,90586.0,01 October 2019,£45,No,RIO SR7,RIO,Black,2015.07.22,Worcester,MEDIUM,£35,,,M1,8 Years 9 Months,2 AXLE RIGID BODY,2015,1,115 g/km (,KIA,95000,4500,2024-04-23 06:29:37,12.0,2024-03-27,2024-10-16,10
43,DY08WSU,,FORD RANGER,✗ Expired: 09 Apr 2024 17 days ago,✓ Expires: 23 Jan 2025 273 days left,NO,8222,2500 cc,,EURO 4,Diesel,,131547.0,14 November 2023,£45,No,RANGER THUNDER D/C 4WD,RANGER,Silver,2008.03.14,Shrewsbury,MEDIUM,£320,£176,,N1,16 Years 1 Months,2 AXLE RIGID BODY,2008,1,0 g/km (A),FORD,137000,4500,2024-04-23 06:40:05,19.0,2024-04-09,2025-01-23,12
44,BK09RPX,,VAUXHALL ASTRA,✗ Expired: 01 Aug 2023 268 days ago,✓ Expires: 17 Apr 2025 358 days left,NO,7131,1598 cc,,EURO 4,Petrol,,106962.0,06 August 2019,£45,No,ASTRA ACTIVE,ASTRA,Black,2009.03.31,Birmingham,MEDIUM,£240,£132,,M1,15 Years 1 Months,2 AXLE RIGID BODY,2009,1,155 g/km (,VAUXHALL,106962,1200,2024-04-23 06:41:05,24.0,2023-08-01,2025-04-17,4
47,LS09LDX,,VOLKSWAGEN POLO,✗ Expired: 03 Mar 2024 55 days ago,✓ Expires: 02 Apr 2025 341 days left,NO,2930,1390 cc,,EURO 4,Petrol,,43953.0,18 August 2015,£45,No,POLO MATCH 80,POLO,Silver,2009.04.18,Stanmore / London,LOW,£200,£110,,M1,15 Years 0 Months,2 AXLE RIGID BODY,2009,1,150 g/km (,VOLKSWAGEN,43964,2995,2024-04-24 02:29:30,12.0,2024-03-03,2025-04-02,1
48,P500OCO,,FIAT 500,✗ Expired: 04 Apr 2024 22 days ago,✓ Expires: 20 Feb 2025 301 days left,NO,2642,1368 cc,,EURO 5,Petrol,,39623.0,27 February 2024,£45,No,500 LOUNGE,500,White,2009.02.20,,LOW,£200,£110,,M1,15 Years 2 Months,2 AXLE RIGID BODY,2009,1,149 g/km (,FIAT,39623,3995,2024-04-24 02:40:43,13.0,2024-04-04,2025-02-20,0
49,SP17WXA,,NISSAN LEAF,✓ Expires: 01 May 2024 4 days left,✓ Expires: 08 Jan 2025 257 days left,NO,11924,0 cc,,EURO 6,Electric,,83470.0,04 April 2022,£45,No,LEAF TEKNA 30KWH,LEAF,Grey,2017.03.10,Dundee,MEDIUM,£0,,,M1,7 Years 1 Months,2 AXLE RIGID BODY,2017,1,0 g/km (A),NISSAN,83470,4995,2024-04-25 03:36:55,15.0,2024-05-01,2025-01-08,24
50,RO63VEH,,MERCEDES-BENZ SLK,✗ Expired: 14 Mar 2024 44 days ago,✓ Expires: 12 Dec 2024 230 days left,NO,9949,2143 cc,,EURO 5,Diesel,,109443.0,21 May 2021,£45,No,SLK250 AMG SPORT CDI BLUE-CY A,SLK,Grey,2013.11.08,Reading,MEDIUM,£180,£99,,M1,10 Years 5 Months,2 AXLE RIGID BODY,2013,1,132 g/km (,MERCEDES-BENZ,110000,6700,2024-04-25 04:37:17,2.0,2024-03-14,2024-12-12,9
51,LR59XZW,,HONDA INSIGHT,✗ Expired: 26 Feb 2024 63 days ago,✓ Expires: 12 Jun 2024 45 days left,NO,8973,1339 cc,,EURO 5,Petrol,,134590.0,14 February 2013,£45,No,INSIGHT SE CVT,INSIGHT,Blue,2009.09.29,Stanmore / London,MEDIUM,£10,,,M1,14 Years 7 Months,2 AXLE RIGID BODY,2009,1,101 g/km (,HONDA,137000,3400,2024-04-29 02:09:33,7.0,2024-02-26,2024-06-12,1
52,CP61KZC,,VOLKSWAGEN PASSAT,✓ Expires: 01 Oct 2024 155 days left,✓ Expires: 17 Jan 2025 264 days left,NO,9726,1968 cc,,EURO 5,Diesel,,126437.0,27 March 2024,£45,Yes,PASSAT GT CC TDI170 BL TECH SA,PASSAT,Black,2011.12.08,Swansea,MEDIUM,£200,£110,,M1,12 Years 4 Months,2 AXLE RIGID BODY,2011,1,144 g/km (,VOLKSWAGEN,127524,3600,2024-04-29 05:41:58,15.0,2024-10-01,2025-01-17,12
53,LM13 UYK,,SKODA YETI,✗ Expired: 28 Mar 2024 32 days ago,✓ Expires: 18 Jun 2024 51 days left,NO,11440,1598 cc,,EURO 5,Diesel,,125843.0,11 December 2013,£45,No,,YETI,Black,2013.05.25,Stanmore / London,MEDIUM,£35,,,M1,10 Years 11 Months,2 AXLE RIGID BODY,2013,1,119 g/km (,SKODA,133303,3995,2024-04-29 05:44:29,3.0,2024-03-28,2024-06-18,0
54,OE14 XWB,,SKODA OCTAVIA,✓ Expires: 01 Mar 2025 306 days left,✓ Expires: 26 Jan 2025 273 days left,NO,12577,1598 cc,,EURO 5,Diesel,,125773.0,04 November 2021,£45,No,,OCTAVIA,Grey,2014.07.28,Oxford,HIGH,£20,,,M1,9 Years 9 Months,2 AXLE RIGID BODY,2014,1,109 g/km (,SKODA,125773,4300,2024-04-29 05:45:58,4.0,2025-03-01,2025-01-26,7
55,LX17 JVH,,NISSAN X-TRAIL,✗ Expired: 25 Feb 2024 64 days ago,✓ Expires: 13 Feb 2025 291 days left,NO,7268,1598 cc,,EURO 6,Diesel,,50877.0,03 March 2022,£45,No,,X-TRAIL,Black,2017.03.07,Sidcup / London,MEDIUM,£150,£82.50,,M1,7 Years 1 Months,2 AXLE RIGID BODY,2017,1,129 g/km (,NISSAN,51890,9700,2024-04-29 05:48:04,13.0,2024-02-25,2025-02-13,9
56,RA53 ZPE,,TOYOTA AVENSIS,✗ Expired: 13 Mar 2024 47 days ago,✓ Expires: 07 Feb 2025 285 days left,NO,6282,1995 cc,,EURO 4,Diesel,,131932.0,23 February 2012,£45,No,,AVENSIS,Green,2003.11.14,Reading,MEDIUM,£240,£132,,M1,20 Years 5 Months,2 AXLE RIGID BODY,2003,1,158 g/km (,TOYOTA,131932,1400,2024-04-29 05:57:57,16.0,2024-03-13,2025-02-07,14
57,YD11VGK,,SUBARU LEGACY,✗ Expired: 15 Mar 2024 48 days ago,✓ Expires: 25 Mar 2025 328 days left,NO,5185,1994 cc,,EURO 5,Petrol,,67403.0,08 January 2018,£45,No,LEGACY ES NAV CVT,LEGACY,Grey,2011.03.30,Leeds,MEDIUM,£365,£200.75,,M1,13 Years 2 Months,2 AXLE RIGID BODY,2011,1,187 g/km (,SUBARU,67403,4900,2024-05-02 06:49:28,3.0,2024-03-15,2025-03-25,2
58,GM14UOE,,SKODA OCTAVIA,✗ Expired: 21 Mar 2024 42 days ago,✓ Expires: 22 Jun 2024 52 days left,NO,8449,1598 cc,,EURO 5,Diesel,,84488.0,31 July 2015,£45,No,OCTAVIA SE TDI CR,OCTAVIA,Beige,2014.07.01,Maidstone,MEDIUM,£0,,,M1,9 Years 10 Months,2 AXLE RIGID BODY,2014,1,99 g/km (A,SKODA,96000,5200,2024-05-02 06:56:25,11.0,2024-03-21,2024-06-22,10
59,VX63JVR,,FORD MONDEO,✗ Expired: 12 Apr 2024 20 days ago,✓ Expires: 28 Sep 2024 150 days left,NO,9430,1997 cc,,EURO 5,Diesel,,103731.0,15 December 2017,£45,No,MONDEO ZETEC BUSINESS EDN TDCI,MONDEO,Black,2013.09.29,Worcester,MEDIUM,£35,,,M1,10 Years 8 Months,2 AXLE RIGID BODY,2013,1,120 g/km (,FORD,104000,3700,2024-05-02 06:59:20,5.0,2024-04-12,2024-09-28,2
60,EJ61WYZ,,HONDA CIVIC,✗ Expired: 09 Mar 2024 57 days ago,✓ Expires: 01 Dec 2024 211 days left,NO,4903,1339 cc,,EURO 5,Petrol,,63735.0,15 December 2015,£45,No,CIVIC SI-T I-VTEC,CIVIC,Black,2011.11.30,Chelmsford,LOW,£180,£99,,M1,12 Years 6 Months,2 AXLE RIGID BODY,2011,1,135 g/km (,HONDA,64015,5495,2024-05-05 09:40:22,5.0,2024-03-09,2024-12-01,2
61,SC15RPZ,,VOLKSWAGEN POLO,✗ Expired: 19 Apr 2024 18 days ago,✓ Expires: 01 Apr 2025 330 days left,NO,12933,1422 cc,,EURO 6,Diesel,,116401.0,25 October 2023,£45,No,POLO SE TDI,POLO,Red,2015.05.12,Glasgow,HIGH,£0,,,M1,9 Years 0 Months,2 AXLE RIGID BODY,2015,1,88 g/km (A,VOLKSWAGEN,116000,4900,2024-05-07 09:16:19,9.0,2024-04-19,2025-04-01,9
62,YY14KJA,,KIA CEED,✗ Expired: 27 Apr 2024 17 days ago,✓ Expires: 28 Nov 2024 199 days left,NO,6935,1582 cc,,EURO 5,Diesel,,69345.0,06 October 2023,£45,No,CEED 3 ECODYNAMICS CRDI,CEED,Silver,2014.05.29,Beverley,MEDIUM,£0,,,M1,10 Years 0 Months,2 AXLE RIGID BODY,2014,1,100 g/km (,KIA,70000,5400,2024-05-14 05:52:39,8.0,2024-04-27,2024-11-28,9
63,BV63NUX,,VOLVO V60,✗ Expired: 20 Mar 2024 61 days ago,✓ Expires: 27 Sep 2024 131 days left,NO,12403,1560 cc,,EURO 5,Diesel,,136433.0,13 April 2023,£45,No,V60 BUSINESS EDITION D2,V60,Red,2013.09.27,Birmingham,HIGH,£20,,,M1,10 Years 8 Months,2 AXLE RIGID BODY,2013,1,108 g/km (,VOLVO,139000,3500,2024-05-20 09:26:32,0.0,2024-03-20,2024-09-27,8
64,WP61VSJ,,SKODA YETI,✗ Expired: 15 Mar 2024 66 days ago,✓ Expires: 05 Jan 2025 231 days left,NO,7959,1968 cc,,EURO 5,Diesel,,95502.0,28 August 2014,£45,No,YETI ELEGANCE TDI CR 170,YETI,Blue,2012.01.05,Bristol,MEDIUM,£240,£132,,M1,12 Years 4 Months,2 AXLE RIGID BODY,2012,1,155 g/km (,SKODA,96000,5300,2024-05-20 09:30:58,0.0,2024-03-15,2025-01-05,4
65,ML15VPJ,,SKODA YETI,✗ Expired: 09 Apr 2024 41 days ago,✓ Expires: 01 Apr 2025 317 days left,NO,12317,1968 cc,,EURO 5,Diesel,,110849.0,14 October 2018,£45,No,YETI OUTDOOR S TDI CR,YETI,Silver,2015.03.31,Manchester,HIGH,£180,£99,,M1,9 Years 2 Months,2 AXLE RIGID BODY,2015,1,134 g/km (,SKODA,111000,5100,2024-05-20 09:34:37,20.0,2024-04-09,2025-04-01,56
66,WV62ZVT,,MINI CLUBMAN D,✓ Expires: 01 Jul 2024 34 days left,✓ Expires: 15 Mar 2025 292 days left,NO,10861,1598 cc,,EURO 5,Diesel,,130337.0,20 March 2024,£45,No,COOPER CLUBMAN D,MINI,Silver,2012.09.28,Bristol,MEDIUM,£20,,,M1,11 Years 8 Months,2 AXLE RIGID BODY,2012,1,103 g/km (,MINI,130337,3995,2024-05-28 03:58:34,7.0,2024-07-01,2025-03-15,18
67,KU02ERJ,,MERCEDES-BENZ SLK,✗ Expired: 21 May 2024 7 days ago,✓ Expires: 29 Mar 2025 306 days left,NO,2861,3199 cc,,EURO 3,Petrol,,62951.0,20 May 2024,£45,No,,SLK,Silver,2002.03.06,Northampton,LOW,£415,£228.25,,M1,22 Years 2 Months,2 AXLE RIGID BODY,2002,1,254 g/km (,MERCEDES-BENZ,63000,3600,2024-05-28 04:05:22,2.0,2024-05-21,2025-03-29,16
68,WV10JCZ,,MINI MINI,✗ Expired: 14 May 2024 15 days ago,✓ Expires: 26 Mar 2025 302 days left,NO,6039,1560 cc,,EURO 4,Diesel,,84539.0,23 May 2018,£45,No,COOPER D CLUBMAN,MINI,White,2010.03.03,Bristol,MEDIUM,£20,,,M1,14 Years 2 Months,2 AXLE RIGID BODY,2010,1,109 g/km (,MINI,85000,3995,2024-05-29 03:07:17,1.0,2024-05-14,2025-03-26,27
70,YG12TVF,,MINI COOPER SD,✗ Expired: 18 May 2024 20 days ago,✓ Expires: 01 Oct 2024 117 days left,NO,5434,1995 cc,,EURO 5,Diesel,,65207.0,24 April 2024,£45,No,COOPER SD,COOPER SD,Grey,2012.03.06,Leeds,MEDIUM,£35,,,M1,12 Years 3 Months,2 AXLE RIGID BODY,2012,1,114 g/km (,MINI,66616,4995,2024-06-07 05:25:17,5.0,2024-05-18,2024-10-01,26
71,EK09JWF,,FORD S-MAX,✓ SORN,✓ Expires: 18 Jun 2024 12 days left,NO,5777,1997 cc,,EURO 4,Diesel,,86653.0,25 October 2023,£45,No,S-MAX ZETEC TDCI,S-MAX,Black,2009.07.30,Chelmsford,MEDIUM,£255,£140.25,,M1,14 Years 11 Months,2 AXLE RIGID BODY,2009,1,159 g/km (,FORD,99000,2700,2024-06-07 05:28:30,4.0,,2024-06-18,11
72,GD66PXV,,SKODA OCTAVIA,✗ Expired: 16 May 2024 22 days ago,✓ Expires: 18 Jun 2025 377 days left,NO,12136,1968 cc,,EURO 6,Diesel,,97087.0,09 July 2022,£45,No,OCTAVIA SE L TDI,OCTAVIA,Beige,2016.12.21,Maidstone,HIGH,£20,,,M1,7 Years 6 Months,2 AXLE RIGID BODY,2016,1,106 g/km (,SKODA,97000,7400,2024-06-07 05:36:48,5.0,2024-05-16,2025-06-18,20
73,NK15NJU,,TOYOTA AYGO,✓ Expires: 01 Apr 2025 298 days left,✓ Expires: 22 Mar 2025 289 days left,NO,10528,998 cc,,EURO 5,Petrol,,94755.0,15 March 2024,£45,No,AYGO X VVT-I,AYGO,White,2015.03.04,Newcastle,MEDIUM,£0,,,M1,9 Years 3 Months,2 AXLE RIGID BODY,2015,1,95 g/km (A,TOYOTA,96000,4200,2024-06-07 05:38:37,9.0,2025-04-01,2025-03-22,28
74,RJ15DVN,,KIA RIO,✗ Expired: 20 Apr 2024 48 days ago,✓ Expires: 06 Jan 2025 214 days left,NO,10316,1396 cc,,EURO 6,Diesel,,92846.0,04 January 2018,£45,No,RIO 2 ISG CRDI,RIO,Black,2015.06.11,Reading,MEDIUM,£0,,,M1,9 Years 0 Months,2 AXLE RIGID BODY,2015,1,98 g/km (A,KIA,97039,4200,2024-06-07 05:41:29,0.0,2024-04-20,2025-01-06,10
76,VX63JVR,,FORD MONDEO,✓ Expires: 01 Jun 2025 356 days left,✓ Expires: 28 Sep 2024 111 days left,NO,9430,1997 cc,,EURO 5,Diesel,,103731.0,05 June 2024,£45,No,MONDEO ZETEC BUSINESS EDN TDCI,MONDEO,Black,2013.09.29,Worcester,MEDIUM,£35,,,M1,10 Years 9 Months,2 AXLE RIGID BODY,2013,1,120 g/km (,FORD,105000,3300,2024-06-10 04:48:11,0.0,2025-06-01,2024-09-28,9
77,LO18OHX,,VOLKSWAGEN PASSAT,✓ Expires: 01 Jun 2025 340 days left,✓ Expires: 06 Dec 2024 164 days left,NO,15819,1598 cc,,EURO 6,Diesel,,94915.0,22 June 2018,£45,No,PASSAT SE BUSINESS TDI BMT,PASSAT,White,2018.06.22,Stanmore / London,HIGH,£190,£104.50,,M1,6 Years 0 Months,2 AXLE RIGID BODY,2018,1,105 g/km (,VOLKSWAGEN,101214,8000,2024-06-26 03:22:06,3.0,2025-06-01,2024-12-06,10
78,GY56XVP,,BMW 3 SERIES,✓ Expires: 01 Aug 2024 35 days left,✓ Expires: 02 Jun 2025 341 days left,NO,6442,2497 cc,,EURO 4,Petrol,,115963.0,26 September 2022,£45,No,325I SE AUTO,3 SERIES,Green,2006.09.30,Brighton,MEDIUM,£415,£228.25,,M1,17 Years 9 Months,2 AXLE RIGID BODY,2006,1,218 g/km (,BMW,115963,2400,2024-06-27 01:54:04,18.0,2024-08-01,2025-06-02,37
79,JM06LAN,,FORD FOCUS,✗ Expired: 11 May 2024 47 days ago,✓ Expires: 11 Dec 2024 168 days left,NO,7949,999 cc,,EURO 6,Petrol,,71541.0,04 May 2024,£45,No,FOCUS ZETEC S,FOCUS,Black,2015.03.02,,MEDIUM,£20,,,M1,9 Years 3 Months,2 AXLE RIGID BODY,2015,1,108 g/km (,FORD,73000,5800,2024-06-27 02:03:13,0.0,2024-05-11,2024-12-11,18
82,KR61WNF,,Benz SLK200,Expired: 06 Jun 2024,Expires: 08 Aug 2025,,0,1796,,,PETROL,,,2020-11-10,,,SLK200 BLUEEFFICIENCY AUTO,,SILVER,2012-02,,,,,,M1,,2 AXLE RIGID BODY,2012,1,,,82746,6400,2024-07-17 03:59:10,8.0,2024-06-06,2025-08-08,44
83,LP16KNG,,Honda Jazz SE I-VTEC,,,,0,1318cc,,,PETROL,,,2023-02-07,,,JAZZ SE I-VTEC,,RED,2016-06,,,,,,M1,,2 AXLE RIGID BODY,2016,1,,,76124,4200,2024-07-17 04:16:19,10.0,,,115
84,FR12ZNV,,Audi A3,,,,0,,,,,,,,,,A3 SPORT TDI,,,,,,,,,,,,,1,,,92000,3850,2024-07-22 07:34:23,20.0,,,32
85,FE59SYP,,,,,,0,,,,,,,,,,POLO MATCH 60,,,,,,,,,,,,,1,,,130000,1995,2024-07-22 07:36:07,15.0,,,15
88,FT60 PUO,,,,,,0,,,,,,,,,,,,,,,,,,,,,,,1,,,84082,4400,2024-08-02 05:50:08,16.0,,,23
89,LM63 YVY,,Audi A4,Untaxed,Valid,,0,1968cc,,,Diesel,,,2023-04-21,,,A4 S LINE BLACK EDITION TDI,Black edition,White,2013-11,,,,,,M1,,2 AXLE RIGID BODY,2013,1,,,95878,6400,2024-08-02 05:55:23,4.0,2024-03-02,2025-09-11,63
90,PK16 KNY,,,,,,0,,,,,,,,,,,,,,,,,,,,,,,1,,,104223,5100,2024-08-02 05:57:12,17.0,,,5
91,WF62 KYT,,Kia Venga,,,,0,1591,,,PETROL,,,2021-04-12,,,VENGA 3 ECODYNAMICS,,SILVER,2012-12,,,,,,M1,,2 AXLE RIGID BODY,2012,1,,,103479,2700,2024-08-02 05:58:28,11.0,,,62
92,KX67 CTV,,Volvo V60,Untaxed,Valid,,0,1969cc,,,DIESEL,,,2017-12-20,,,V60 SE NAV D4,,WHITE,2018-01,,,,,,M1,,2 AXLE RIGID BODY,2018,1,,,94754,7700,2024-08-02 06:02:21,3.0,2024-04-23,2025-06-26,95
93,LO59 MHY,,,,,,0,,,,,,,,,,,,,,,,,,,,,,,1,,,160112,1500,2024-08-02 06:06:23,24.0,,,26
94,AF13 LYV,,Vauxhall Zafira,,,,0,,,,,,,,,,,,,,,,,,,,,,,1,,,80080,2995,2024-08-02 06:07:51,19.0,,,11
95,SB12 EFS,,,,,,0,,,,,,,,,,,,,,,,,,,,,,,1,,,100019,4800,2024-08-02 06:08:47,13.0,,,7
96,HJ65 HZB,,,,,,0,,,,,,,,,,,,,,,,,,,,,,,1,,,109339,6300,2024-08-02 06:09:52,5.0,,,8
97,FR12 ZNV,,,,,,0,,,,,,,,,,,,,,,,,,,,,,,1,,,92000,3995,2024-08-02 06:15:53,2.0,,,8
98,DV65GVL,,Vauxhall Mokka,,,,0,,,,,,,,,,,,,,,,,,,,,,,1,,,127014,2995,2024-08-02 06:32:13,11.0,,,15
99,GJ13XCV,,Honda Civic,,,,0,1597cc,,,DIESEL,,,2022-02-11,,,CIVIC I-DTEC ES,,GREY,2013-05,,,,,,M1,,2 AXLE RIGID BODY,2013,1,,,95281,3995,2024-08-02 07:11:59,2.0,,,18
100,ND63OOC,,Volvo V40,Expired: 12 Jul 2024,Expires: 16 Aug 2025,,0,,,,,,,,,,V40 R-DESIGN NAV D2,,,,,,,,,,,,,1,,,113000,4600,2024-08-27 03:55:26,8.0,2024-07-12,2025-08-16,21
101,VK61FHL,,,Expired: 31 Jul 2024,Expires: 13 Aug 2025,,0,,,,,,,,,,TT SPORT TDI QUATTRO,,,,,,,,,,,,,1,,,88000,5600,2024-08-27 04:20:55,6.0,2024-07-31,2025-08-13,9
102,PK16 KNY,,Vauxhall Insignia,Expired: 04 Sep 2024,Expires: 15 Aug 2025,,0,1598cc,,,DIESEL,,,2024-08-21,,,INSIGNIA SRI NAV CDTI,,GREEN,2016-04,,,,,,M1,,2 AXLE RIGID BODY,2016,1,,,104000,4500,2024-08-27 04:24:44,15.0,2024-09-04,2025-08-15,25
103,DY11AXJ,,,,,,0,,,,,,,,,,INSIGNIA SRI,,,,,,,,,,,,,1,,,66620,2600,2024-08-27 04:40:11,21.0,,,4
104,KP14AEV,,,Expires: 01 Sep 2025,Expires: 15 Feb 2025,,0,,,,,,,,,,IBIZA S AC,,,,,,,,,,,,,1,,,62000,3995,2024-08-27 04:41:16,11.0,2025-09-01,2025-02-15,3
105,VE65OWM,,Kia Rio SR7,,,,0,,,,,,,,,,RIO SR7,,,,,,,,,,,,,1,,,87000,4600,2024-08-27 04:42:08,20.0,,,17
106,CE60VSC,,Volkswagen Polo,Untaxed,Valid,,0,1390cc,,,Petrol,,,,,,POLO SEL 85 S-A,,White,,,,,,,,,,2010,1,,,47000,4600,2024-08-27 04:43:00,9.0,2024-04-30,2025-06-18,29
107,BJ12ERY,,Volvo XC60,,,,0,2400,,,DIESEL,,,2018-05-11,,,XC60 SE LUX NAV D5 AWD AUTO,,GOLD,2012-06,,,,,,M1,,2 AXLE RIGID BODY,2012,1,,,135000,4995,2024-08-27 04:44:05,14.0,,,21
108,DF15NAU,,,Expired: 15 Aug 2024,Expires: 26 Aug 2025,,0,,,,,,,,,,V40 R-DESIGN LUX NAV D3,,,,,,,,,,,,,1,,,120000,4995,2024-08-27 04:46:39,8.0,2024-08-15,2025-08-26,9
109,DV62XXY,,Vauxhall Corsa SE,,,,0,,,,,,,,,,CORSA SE,,,,,,,,,,,,,1,,,79000,2995,2024-08-27 04:47:59,21.0,,,19
110,RJ14PXZ,,Kia Ceed 2,,,,0,,,,,,,,,,CEED 2 CRDI AUTO,,,,,,,,,,,,,1,,,108000,3995,2024-08-27 04:49:58,5.0,,,7
112,BG07XVR,,Subaru IMPREZA RX,,,,0,,,,,,,,,,IMPREZA RX,,,,,,,,,,,,,1,,,89000,3995,2024-08-27 04:58:03,12.0,,,26
113,CK07GHO,,Ford Fiesta,,,,0,1242cc,,,PETROL,,,2011-06-21,,,FIESTA SILVER,,RED,2007-04,,,,,,M1,,2 AXLE RIGID BODY,2007,1,,,93000,1200,2024-08-27 05:03:06,11.0,,,45
114,LY63AUC,,SEAT Ibiza Toca,Untaxed,Valid,,0,1390cc,,,PETROL,,,2013-12-31,,,IBIZA TOCA,,WHITE,2013-12,,,,,,M1,,2 AXLE RIGID BODY,2013,1,,,110722,2995,2024-08-30 07:41:29,6.0,2024-08-01,2025-04-03,80
117,VU14OHK,,Honda Jazz SI,,,,0,,,,,,,,,,,,,,,,,,,,,,,1,,,100957,3995,2024-09-05 09:12:57,4.0,,,13
118,VE60YCY,,,,,,0,,,,,,,,,,OCTAVIA ELEGANCE TDI CR,,,,,,,,,,,,,1,,,104000,3500,2024-09-06 02:40:50,22.0,,,4
119,CK61OSL,,I-VTEC,Expired: 12 Aug 2024,Expires: 28 Nov 2024,No,0,5a,,Show ULEZ status,1339 cc,,,Cardiff / Wales,,,Red,,Car,08 August 2024,2011,,£104.50,Road tax rates are i,,,17 December 2011,,See a full,1,,Civic Type S I-Vtec,75273,3500,2024-09-10 08:51:45,25.0,2024-08-12,2024-11-28,2
120,WN08JYG,,Honda Jazz SE,Expired: 31 Aug 2024,Expires: 21 May 2025,No,0,4,,Show ULEZ status,1339 cc,,,Bristol / West of England,,,Silver,,Car,05 February 2024,2008,,£104.50,Road tax rates are i,,,31 March 2008,,See a full,1,,Jazz Se,60000,2500,2024-09-13 04:24:35,14.0,2024-08-31,2025-05-21,24
121,OY14ZVM,,Toyota Yaris,Untaxed,Valid,No,0,Show ULEZ status,,"Need to sell your Toyota ? Get a free, instant val",5b,,,2014,,,Car,,Hatchback,Oxford / Oxford,See a full report,,Road tax rates are i,79 g/km (A),,,05 January 2024,,Need to se,1,,VVT-I Auto,46000,8995,2024-09-13 04:36:09,4.0,2024-08-27,2025-09-23,20
123,FM66UJC,,Vauxhall Corsa Energy,Expired: 05 Sep 2024,Expires: 13 Feb 2025,No,0,6b,,Show ULEZ status,1398 cc,,,Nottingham / Forest and Fens (East Midlands),,,White,,Car,22 May 2021,2017,,£N/A,Road tax rates are i,,,31 January 2017,,See a full,1,,Corsa Energy Ac Ecoflex,51006,4500,2024-09-14 04:56:41,17.0,2024-09-05,2025-02-13,22
125,SR51MGV,,Toyota Corolla,Untaxed,Not valid,,0,1398,,,PETROL,,,2024-08-20,,,COROLLA TSPIRIT VVTI,,BLUE,2002-02,,,,,,M1,,2 AXLE RIGID BODY,2002,1,159,TOYOTA,49000,2500,2024-09-30 02:55:38,18.0,2024-09-04,2024-09-21,22
126,HY65HLF,,RENAULT CLIO,Untaxed,Valid,,0,1461,,,DIESEL,,,2021-01-30,,,CLIO DYNAMIQUE NAV DCI,,BLACK,2015-09,,,,,,M1,,2 AXLE RIGID BODY,2015,1,85,RENAULT,108999,3995,2024-09-30 03:29:04,20.0,2024-09-07,2025-08-29,2
127,RK52YDU,,HONDA ACCORD,Untaxed,Valid,,0,1997,,,PETROL,,,2012-04-13,,,ACCORD VTEC SE AUTO,ACCORD VTEC SE AUTO,BLUE,2002-09,,,,,,M1,,2 AXLE RIGID BODY,2002,1,219,HONDA,97311,1800,2024-10-09 05:25:36,7.0,2024-09-30,2025-09-03,26
128,LS11UKZ,,SKODA OCTAVIA,Untaxed,Valid,,0,1390,,,PETROL,,,2012-03-22,,,OCTAVIA ELEGANCE TSI,,MAROON,2011-03,,,,,,M1,,2 AXLE RIGID BODY,2011,1,148,SKODA,123271,3200,2024-10-09 05:27:56,27.0,2024-09-21,2025-03-25,0
129,CA16PZJ,,KIA SPORTAGE ,Untaxed,Valid,,0,1685,,,DIESEL,,,2023-09-30,,,SPORTAGE 4 CRDI ISG,,WHITE,2016-06,,,,,,M1,,2 AXLE RIGID BODY,2016,1,119,KIA,125273,6800,2024-10-09 05:55:24,15.0,2024-09-27,2025-06-14,19
130,OY62NPA,,AUDI A4,Untaxed,Valid,,0,1968,,,DIESEL,,,2014-08-08,,,A4 SE TDI CVT,,SILVER,2012-09,,,,,,M1,,2 AXLE RIGID BODY,2012,1,127,AUDI,50000,7500,2024-10-09 05:56:12,2.0,2024-09-28,2025-01-18,11
134,DA60FCO,,CITROEN,Untaxed,Valid,,0,1560,,,DIESEL,,,2018-01-11,,,BERLINGO MSPACE XTR HDI91,,BLUE,2011-02,,,,,,M1,,2 AXLE RIGID BODY,2011,1,139,CITROEN,107866,3995,2024-10-12 04:39:41,25.0,2024-08-02,2024-12-09,3
135,CN16YPY,,VOLKSWAGEN,Untaxed,Valid,,0,2967,,,DIESEL,,,2023-11-07,,,TOUAREG V6 R-LINE TDI BMT A,,WHITE,2016-03,,,,,,M1,,2 AXLE RIGID BODY,2016,1,174,VOLKSWAGEN,127950,11300,2024-10-12 06:13:06,2.0,2024-10-05,2025-06-05,22
136,WP11KXK,,SKODA,Untaxed,Valid,,0,1595,,,PETROL,,,2013-04-25,,,OCTAVIA SE MPI,,GREY,2011-06,,,,,,M1,,2 AXLE RIGID BODY,2011,1,168,SKODA,106982,2900,2024-10-12 06:44:06,27.0,2024-09-28,2024-11-19,0
137,BF11FFJ,,RENAULT,Taxed,Valid,,0,1461,,,DIESEL,,,2023-12-19,,,CLIO DYNAMIQUE TOMTOM DCI,,BEIGE,2011-05,,,,,,M1,,2 AXLE RIGID BODY,2011,1,106,RENAULT,96721,1800,2024-10-12 07:02:31,14.0,2024-12-01,2025-10-13,61
138,DV15WKN,,VAUXHALL,Untaxed,Not valid,,0,1598,,,DIESEL,,,2021-09-17,,,VIVARO 2700 CDTI,,WHITE,2015-03,,,,,,N1,,2 AXLE RIGID BODY,2015,0,170,VAUXHALL,92256,5600,2024-10-12 07:11:47,17.0,2024-06-30,2024-06-18,12
139,LA59WEC,,RENAULT MEGANE,Untaxed,Valid,,0,1598,,,PETROL,,,2014-02-26,,,,,BLUE,2010-02,,,,,,M1,,2 AXLE RIGID BODY,2009,1,160,RENAULT,77563,2100,2024-10-12 07:15:35,6.0,2024-09-21,2025-02-22,69
140,HJ10WJX,,MAZDA,Untaxed,Valid,,0,1349,,,PETROL,,,2024-02-26,,,2 TAMURA,,GREY,2010-03,,,,,,M1,,2 AXLE RIGID BODY,2010,1,125,MAZDA,97705,1995,2024-10-12 08:16:17,16.0,2024-08-21,2024-11-14,17
141,LD55YKS,,KIA,Taxed,Valid,,0,2497,,,DIESEL,,,2016-07-27,,,SORENTO CRDI XE,,BLACK,2005-09,,,,,,M1,,2 AXLE RIGID BODY,2005,0,204,KIA,124321,2200,2024-10-12 08:20:24,13.0,2025-06-01,2025-02-12,26
142,LS11UKZ,,SKODA OCTAVIA,Untaxed,Valid,,0,1390,,,PETROL,,,2012-03-22,,,OCTAVIA ELEGANCE TSI,,MAROON,2011-03,,,,,,M1,,2 AXLE RIGID BODY,2011,1,148,SKODA,123271,2995,2024-10-17 05:53:53,9.0,2024-09-21,2025-03-25,50
143,WR59HYX,,SKODA FABIA,Untaxed,Valid,,0,1198,,,PETROL,,,2012-01-11,,,FABIA 1 HTP 12V,,GREY,2009-11,,,,,,M1,,2 AXLE RIGID BODY,2009,1,140,SKODA,85872,2100,2024-10-17 06:05:41,22.0,2024-09-25,2024-12-17,4
144,DA07KCU,,VOLKSWAGEN,Untaxed,Valid,,0,1896,,,DIESEL,,,2013-12-05,,,GOLF MATCH TDI 105,,BLUE,2007-06,,,,,,M1,,2 AXLE RIGID BODY,2007,1,132,VOLKSWAGEN,149837,1700,2024-10-17 06:09:15,13.0,2024-09-01,2025-09-04,15
146,GV54BWO,,MINI,Untaxed,Valid,,0,1598,,,PETROL,,,2023-03-15,,,MINI ONE,,SILVER,2004-10,,,,,,M1,,2 AXLE RIGID BODY,2004,1,173,MINI,79136,1995,2024-10-18 09:42:36,5.0,2024-08-10,2025-01-04,49
147,PX63UCR,,AUDI,Taxed,Not valid,,0,1968,,,DIESEL,,,2023-12-12,,,A3 SPORT TDI,,SILVER,2013-10,,,,,,M1,,2 AXLE RIGID BODY,2013,1,108,AUDI,108422,5500,2024-10-18 09:44:54,18.0,2024-11-01,2024-04-18,35
148,RO14SUF,,AUDI,Untaxed,Valid,,0,1968,,,DIESEL,,,2024-09-30,,,Q3 S LINE TDI QUATTRO S-A,,WHITE,2014-07,,,,,,M1,,2 AXLE RIGID BODY,2014,0,156,AUDI,66334,8700,2024-10-18 09:45:59,6.0,2024-10-07,2025-01-02,146
149,LS14APU,,MERCEDES-BENZ,Taxed,Not valid,,0,2143,,,DIESEL,,,2024-09-28,,,E220 AMG SPORT CDI AUTO,,SILVER,2014-03,,,,,,M1,,2 AXLE RIGID BODY,2014,0,128,MERCEDES-BENZ,68269,9995,2024-10-18 09:46:58,7.0,2025-07-01,2024-09-05,58
150,LE06OHH,,VOLKSWAGEN,Untaxed,Valid,,0,1984,,,PETROL,,,2013-01-22,,,BEETLE CABRIOLET,,BEIGE,2006-08,,,,,,M1,,2 AXLE RIGID BODY,2006,1,211,VOLKSWAGEN,80252,1995,2024-10-24 08:07:23,12.0,2024-10-17,2025-09-01,21
156,MH18KHY,,VOLKSWAGEN,Untaxed,Valid,,0,1395,,,HYBRID ELECTRIC,,,2018-08-01,,,PASSAT GTE S-A,,SILVER,2018-08,,,,,,M1,,2 AXLE RIGID BODY,2018,1,40,VOLKSWAGEN,116424,8995,2024-10-30 07:15:31,1.0,2024-10-18,2025-07-31,14
157,HW02CCW,,DACIA,Untaxed,Valid,,0,1461,,,DIESEL,,,2015-11-23,,,DUSTER LAUREATE DCI 4X4,,WHITE,2013-09,,,,,,M1,,2 AXLE RIGID BODY,2013,1,135,DACIA,77540,4100,2024-10-30 07:17:31,14.0,2024-10-04,2025-09-13,17
158,WG63KBF,,BMW,Untaxed,Valid,,0,1995,,,DIESEL,,,2018-10-09,,,116D SE,,BLACK,2013-11,,,,,,M1,,2 AXLE RIGID BODY,2013,1,109,BMW,123376,3495,2024-10-30 07:18:36,2.0,2024-09-12,2024-12-08,18
161,VF15DKD,,KIA,Untaxed,Valid,,0,1248,,,PETROL,,,2019-10-01,,,RIO SR7,,BLACK,2015-07,,,,,,M1,,2 AXLE RIGID BODY,2015,1,115,KIA,90586,3995,2024-11-04 09:43:58,14.0,2024-03-27,2025-09-02,10
162,EK58OCU,,HONDA,Untaxed,Not valid,,0,1339,,,PETROL,,,2011-10-17,,,JAZZ SPORT,,SILVER,2008-10,,,,,,M1,,2 AXLE RIGID BODY,2008,1,137,HONDA,66558,2400,2024-11-04 09:58:05,19.0,2024-09-27,2024-10-14,27
163,OW08LXP,,NISSAN,Untaxed,Valid,,0,1386,,,PETROL,,,2022-12-20,,,NOTE ACENTA,,BLACK,2008-07,,,,,,M1,,2 AXLE RIGID BODY,2008,1,150,NISSAN,74106,1995,2024-11-13 07:21:24,8.0,2024-10-28,2025-07-31,68
165,SL57EXT,,VOLKSWAGEN,Taxed,Valid,,0,1390,,,PETROL,,,2019-11-28,,,BEETLE LUNA 75PS,,GREEN,2007-09,,,,,,M1,,2 AXLE RIGID BODY,2007,1,169,VOLKSWAGEN,127678,1500,2024-11-15 06:34:56,8.0,2025-10-01,2025-10-30,50
166,WK65LZD,,NISSAN,Untaxed,Valid,,0,1461,,,DIESEL,,,2022-06-27,,,JUKE TEKNA DCI,,GREY,2015-09,,,,,,M1,,2 AXLE RIGID BODY,2015,1,104,NISSAN,78827,5995,2024-11-19 04:10:03,19.0,2024-11-02,2025-01-19,6
167,CP02ZZZ,,LAND ROVER,Untaxed,Valid,,0,4197,,,PETROL,,,2024-06-10,,,RANGE ROVER SP HSE SC A,,BLACK,2007-06,,,,,,M1,,2 AXLE RIGID BODY,2007,1,374,LAND ROVER,101148,5500,2024-11-22 08:38:00,10.0,2024-11-14,2025-10-23,53
168,SF65RLZ,,HONDA,Untaxed,Valid,,0,1318,,,PETROL,,,2018-05-10,,,JAZZ SE I-VTEC,,BLUE,2015-10,,,,,,M1,,2 AXLE RIGID BODY,2015,1,116,HONDA,115248,4995,2024-11-22 08:39:46,8.0,2024-11-14,2025-04-23,61
169,OV62WZY,,CITROEN,Untaxed,Valid,,0,1560,,,DIESEL,,,2013-02-13,,,BERLINGO MULTISPACE VTR HDI,,SILVER,2013-01,,,,,,M1,,2 AXLE RIGID BODY,2013,0,135,CITROEN,143865,2700,2024-11-22 08:40:54,10.0,2024-11-08,2024-12-16,36
171,EY65WUA,,BMW,Untaxed,Valid,,0,1995,,,DIESEL,,,2023-07-22,,,320D ED PLUS,,WHITE,2015-09,,,,,,M1,,2 AXLE RIGID BODY,2015,0,102,BMW,149239,4600,2024-11-27 06:24:05,5.0,2024-11-15,2025-07-19,92
172,KX70EEV,,SKODA,Untaxed,No details held by DVLA,,0,1498,,EURO 6 DG,PETROL,,,2021-01-15,,,OCTAVIA SE TECHNOLOGY TSI,,BLUE,2021-01,,,,,,M1,,2 AXLE RIGID BODY,2021,1,126,SKODA,102060,7995,2024-12-04 09:44:18,9.0,2024-11-04,,17
173,LP61UPT,,MERCEDES-BENZ,Untaxed,Valid,,0,2987,,,DIESEL,,,2016-06-10,,,E350 SPORT ED125 CDI BLUE-CY A,,SILVER,2012-02,,,,,,M1,,2 AXLE RIGID BODY,2012,0,162,MERCEDES-BENZ,110137,6500,2024-12-04 09:45:04,1.0,2024-10-25,2025-02-04,18
174,DX16YUS,,HONDA,Untaxed,Valid,,0,1597,,,DIESEL,,,2021-01-04,,,CIVIC I-DTEC SE PLUS NAVI,,BLUE,2016-03,,,,,,M1,,2 AXLE RIGID BODY,2016,1,94,HONDA,105629,5500,2024-12-04 09:45:44,13.0,2024-10-28,2025-12-01,36
175,LP61UBT,,PEUGEOT,Untaxed,Valid,,0,1598,,,PETROL,,,2021-01-14,,,207 ALLURE AUTO,,BLACK,2012-01,,,,,,M1,,2 AXLE RIGID BODY,2012,1,160,PEUGEOT,54683,3900,2024-12-04 09:47:20,14.0,2024-10-28,2025-02-06,43
177,LO59HDK,,HONDA,Untaxed,Valid,,0,2204,,,DIESEL,,,2011-11-25,,,CIVIC EX I-CTDI,,SILVER,2009-12,,,,,,M1,,2 AXLE RIGID BODY,2009,1,139,HONDA,37131,5995,2024-12-11 05:18:41,19.0,2024-12-02,2025-07-26,14
178,KS06ACJ,,PEUGEOT,Untaxed,Valid,,0,1997,,,DIESEL,,,2018-12-01,,,407 SE HDI,,GREY,2006-06,,,,,,M1,,2 AXLE RIGID BODY,2006,1,155,PEUGEOT,74884,1995,2024-12-11 05:20:01,16.0,2024-11-12,2025-06-01,16
179,OW18HZJ,,NISSAN,Taxed,Valid,,0,2298,,,DIESEL,,,2022-04-20,,,NAVARA N-CONNECTA DCI,,BLACK,2018-07,,,,,,N1,,2 AXLE RIGID BODY,2018,0,167,NISSAN,136973,10800,2024-12-11 05:24:49,2.0,2025-07-01,2025-07-17,31
180,HV10OKZ,,RENAULT,Untaxed,Valid,,0,1149,,,PETROL,,,2018-10-16,,,CLIO DYNAMIQUE TCE,,BLACK,2010-03,,,,,,M1,,2 AXLE RIGID BODY,2010,0,129,RENAULT,79258,2200,2024-12-11 05:25:56,27.0,2024-11-27,2025-03-20,6
181,CE64BWA,,ALFA ROMEO,Untaxed,Valid,,0,1956,,,DIESEL,,,2014-09-23,,,GIULIETTA DISTINCTIVE JTDM-2,,WHITE,2014-09,,,,,,M1,,2 AXLE RIGID BODY,2014,1,110,ALFA ROMEO,135314,2600,2024-12-11 05:27:05,23.0,2024-11-30,2025-10-20,24
182,DY62GGV,,FIAT,Untaxed,Valid,,0,1242,,,PETROL,,,2021-05-04,,,PUNTO POP,,WHITE,2012-09,,,,,,M1,,2 AXLE RIGID BODY,2012,1,123,FIAT,80365,1995,2024-12-11 06:17:30,15.0,2024-11-21,2025-08-31,27
183,LG59XZC,,VOLKSWAGEN,Untaxed,Valid,,0,1968,,,DIESEL,,,2012-09-20,,,PASSAT HIGHLINE TDI 140,,RED,2009-09,,,,,,M1,,2 AXLE RIGID BODY,2009,1,148,VOLKSWAGEN,106499,2995,2024-12-11 06:24:23,17.0,2024-11-13,2025-09-04,7
186,MT10FUY,,AUDI,Untaxed,Valid,,0,1968,,,DIESEL,,,2023-12-15,,,A4 SE TDI 6SP,,BLACK,2010-06,,,,,,M1,,2 AXLE RIGID BODY,2010,1,134,AUDI,137742,2300,2024-12-29 06:39:24,21.0,2024-06-06,2025-03-06,1
187,LT10UFX,,SKODA,Untaxed,Valid,,0,1798,,,PETROL,,,2018-07-02,,,OCTAVIA SE TSI,,GREY,2010-05,,,,,,M1,,2 AXLE RIGID BODY,2010,0,158,SKODA,105004,2995,2024-12-30 04:07:58,18.0,2024-10-31,2025-09-29,15
188,BP18MGU,,KIA,Untaxed,Valid,,0,1591,,,PETROL,,,2024-12-10,,,,,BLACK,2018-06,,,,,,M1,,2 AXLE RIGID BODY,2018,0,169,KIA,112361,9995,2024-12-30 04:09:51,30.0,2024-12-16,2025-05-23,0
189,EO12KZU,,FORD,Taxed,Valid,,0,1997,,,DIESEL,,,2018-03-08,,,S-MAX TITAN XSPORT TDCI,,WHITE,2012-03,,,,,,M1,,2 AXLE RIGID BODY,2012,1,149,FORD,102137,5995,2025-01-30 10:06:39,30.0,2025-03-01,2025-03-19,0
190,VN62CVJ,,VOLKSWAGEN,Untaxed,Valid,,0,1968,,,DIESEL,,,2021-01-19,,,TIGUAN SE TDI BLUEMOTION TECH,,WHITE,2012-10,,,,,,M1,,2 AXLE RIGID BODY,2012,0,139,VOLKSWAGEN,135002,4500,2025-01-30 10:07:52,11.0,2025-01-23,2025-03-30,35
191,SP08UJE,,LAND ROVER,Untaxed,Valid,,0,3628,,,DIESEL,,,2019-10-21,,,RANGE ROVER SP HSE TDV8 A,,BLACK,2008-03,,,,,,M1,,2 AXLE RIGID BODY,2008,1,294,LAND ROVER,103000,4500,2025-02-04 05:47:25,15.0,2024-12-24,2026-01-28,27
192,KY66GXF,,CITROEN,Untaxed,Valid,,0,1560,,,DIESEL,,,2024-12-31,,,C4 CACTUS FLAIR BLUEHDI,,BLACK,2016-09,,,,,,M1,,2 AXLE RIGID BODY,2016,0,95,CITROEN,110755,4500,2025-02-04 06:34:25,9.0,2025-01-09,2025-12-29,39
193,VK15BBV,,SKODA,Untaxed,Valid,,0,1390,,,PETROL,,,2024-11-19,,,RAPIDSP-BK SE TECH GTECH TSISA,,GREY,2015-03,,,,,,M1,,2 AXLE RIGID BODY,2015,1,127,SKODA,129946,3900,2025-02-04 06:36:17,18.0,2025-01-20,2026-01-24,29
194,RO09AVK,,HONDA,Untaxed,Valid,,0,1339,,,HYBRID ELECTRIC,,,2012-04-25,,,CIVIC ES IMA HYBRID,,GREY,2009-03,,,,,,M1,,2 AXLE RIGID BODY,2009,1,109,HONDA,91344,3995,2025-02-04 09:10:27,28.0,2025-01-31,2025-03-20,3
196,MK12UYO,,PEUGEOT,Taxed,Valid,,0,1997,,,DIESEL,,,2024-09-02,,,508 SR HDI,,BLACK,2012-03,,,,,,M1,,2 AXLE RIGID BODY,2012,1,119,PEUGEOT,89303,2600,2025-02-08 06:57:26,12.0,2025-03-01,2026-02-03,21
197,LN17VML,,PEUGEOT,Untaxed,Valid,,0,1997,,,DIESEL,,,2017-03-03,,,508 ALLURE SW HDI BLUE S/S,,BLUE,2017-03,,,,,,M1,,2 AXLE RIGID BODY,2017,1,110,PEUGEOT,6400,6300,2025-02-08 07:05:34,24.0,2025-01-20,2025-04-25,12
198,LO12UKZ,,HONDA,Untaxed,Valid,,0,1198,,,PETROL,,,2012-06-28,,,JAZZ I-VTEC S AC,,RED,2012-06,,,,,,M1,,2 AXLE RIGID BODY,2012,1,123,HONDA,99370,2900,2025-02-08 07:29:24,14.0,2024-10-30,2025-11-14,37
199,BU63YVW,,FORD,Untaxed,Valid,,0,1997,,,DIESEL,,,2024-06-14,,,S-MAX ZETEC TDCI AUTO,,SILVER,2013-11,,,,,,M1,,2 AXLE RIGID BODY,2013,1,159,FORD,52925,5995,2025-02-20 08:42:00,23.0,2024-06-14,2025-12-04,4
200,LS02LCN,,AUDI,Untaxed,Valid,,0,1390,,,PETROL,,,2012-04-17,,,A2 SE,,GREY,2002-04,,,,,,M1,,2 AXLE RIGID BODY,2002,0,144,AUDI,999999,2500,2025-02-27 04:20:47,21.0,2024-08-08,2025-03-29,17
201,NA14MOV,,CITROEN,Untaxed,Valid,,0,1598,,,PETROL,,,2021-03-07,,,DS3 DSTYLE + AUTO,,WHITE,2014-05,,,,,,M1,,2 AXLE RIGID BODY,2014,0,150,CITROEN,65733,5995,2025-02-27 04:21:42,19.0,2025-02-12,2026-02-09,12
202,MA13EEH,,VOLKSWAGEN,Taxed,Valid,,0,1968,,,DIESEL,,,2019-05-01,,,BEETLE 60S EDITION TDI S-A,,BLUE,2013-06,,,,,,M1,,2 AXLE RIGID BODY,2013,1,145,VOLKSWAGEN,1,1,2025-02-27 04:22:11,30.0,2025-05-01,2025-04-29,4
203,CK06OUU,,MERCEDES,Untaxed,Valid,,0,1796,,,PETROL,,,2021-09-02,,,C200 KOMPRESSOR SE AUTO,,GREY,2006-04,,,,,,M1,,2 AXLE RIGID BODY,2006,0,208,MERCEDES,1,2000,2025-02-27 08:53:26,20.0,2024-04-15,2025-04-11,9
204,CP02ZZZ,,LAND ROVER,Untaxed,Valid,,0,4197,,,PETROL,,,2024-06-10,,,RANGE ROVER SP HSE SC A,,BLACK,2007-06,,,,,,M1,,2 AXLE RIGID BODY,2007,0,374,LAND ROVER,101148,5500,2025-02-27 09:08:51,3.0,2024-11-14,2025-10-23,21
205,EO12KZU,,FORD,Taxed,Valid,,0,1997,,,DIESEL,,,2018-03-08,,,S-MAX TITAN XSPORT TDCI,,WHITE,2012-03,,,,,,M1,,2 AXLE RIGID BODY,2012,0,149,FORD,102137,5995,2025-02-28 05:40:52,22.0,2025-03-01,2026-02-09,26
206,MA13EHH,,SKODA,Untaxed,Valid,,0,1598,,,DIESEL,,,2016-07-19,,,OCTAVIA SE TDI CR,,SILVER,2013-04,,,,,,M1,,2 AXLE RIGID BODY,2013,0,119,SKODA,118227,3500,2025-02-28 05:51:48,23.0,2024-12-19,2025-06-23,25
207,LF60XXH,,HONDA,Untaxed,Valid,,0,1339,,,HYBRID ELECTRIC,,,2024-06-28,,,INSIGHT SE CVT,,BLACK,2010-09,,,,,,M1,,2 AXLE RIGID BODY,2010,0,101,HONDA,88151,4995,2025-02-28 06:24:20,31.0,2025-01-23,2025-07-29,0
208,AV59SWN,,RENAULT,Untaxed,Valid,,0,1149,,,PETROL,,,2024-04-03,,,CLIO EXTREME,,BLUE,2009-10,,,,,,M1,,2 AXLE RIGID BODY,2009,0,139,RENAULT,49452,2500,2025-02-28 06:28:57,26.0,2025-02-14,2025-07-11,5
209,RO09AVK,,HONDA,Untaxed,Valid,,0,1339,,,HYBRID ELECTRIC,,,2012-04-25,,,CIVIC ES IMA HYBRID,,GREY,2009-03,,,,,,M1,,2 AXLE RIGID BODY,2009,0,109,HONDA,91344,4200,2025-02-28 06:30:22,24.0,2025-01-31,2025-03-20,24
211,DG61XMS,,HONDA,Untaxed,Valid,,0,1997,,,PETROL,,,2017-05-17,,,CR-V ES-T I-VTEC,,GREY,2011-09,,,,,,M1,,2 AXLE RIGID BODY,2011,0,190,HONDA,154631,2995,2025-02-28 06:36:30,32.0,2025-02-13,2025-05-07,0
212,CK56HCE,,SKODA,Untaxed,Valid,,0,1896,,,DIESEL,,,2012-02-10,,,OCTAVIA AMBIENTE TDI PD8V,,SILVER,2006-10,,,,,,M1,,2 AXLE RIGID BODY,2006,0,138,SKODA,123978,1995,2025-02-28 06:38:06,8.0,2025-02-10,2026-01-14,28
213,DA60FCO,,CITROEN,Untaxed,Valid,,0,1560,,,DIESEL,,,2018-01-11,,,BERLINGO MSPACE XTR HDI91,,BLUE,2011-02,,,,,,M1,,2 AXLE RIGID BODY,2011,0,139,CITROEN,107866,3995,2025-02-28 07:07:48,25.0,2024-08-02,2026-01-05,12
214,MA12XSJ,,RENAULT,Taxed,Valid,,0,1149,,,PETROL,,,2022-12-23,,,CLIO DYNAMIQUE TOMTOM 16V,,RED,2012-05,,,,,,M1,,2 AXLE RIGID BODY,2012,0,135,RENAULT,118000,2500,2025-03-05 08:53:22,29.0,2025-04-01,2025-04-10,5
215,KD16EZE,,NISSAN,Untaxed,Valid,,0,1198,,,PETROL,,,2018-11-27,,,PULSAR N-CONNECTA DIG-T,,WHITE,2016-07,,,,,,M1,,2 AXLE RIGID BODY,2016,0,117,NISSAN,64993,6200,2025-03-05 08:58:23,28.0,2025-02-22,2025-07-06,22
216,YX08LLW,,HONDA,Untaxed,Valid,,0,1339,,,PETROL,,,2023-06-06,,,JAZZ SPORT,,BLUE,2008-08,,,,,,M1,,2 AXLE RIGID BODY,2008,1,137,HONDA,73568,2995,2025-03-05 08:59:54,25.0,2025-02-21,2026-01-16,5
217,KG56YOA,,AUDI,Untaxed,Valid,,0,1984,,,PETROL,,,2025-02-18,,,,,GREY,2006-11,,,,,,M1,,2 AXLE RIGID BODY,2006,0,183,AUDI,92918,3995,2025-03-05 09:00:53,33.0,2025-02-23,2025-07-22,0
218,AU15UBL,,SUBARU,Untaxed,Valid,,0,2498,,,PETROL,,,2020-03-20,,,OUTBACK SE SYMMETRICAL AWD CVT,,GREY,2015-03,,,,,,M1,,2 AXLE RIGID BODY,2015,1,161,SUBARU,105301,8200,2025-03-05 09:02:03,30.0,2025-03-01,2025-03-24,2
219,GL17ZFO,,VOLKSWAGEN,Untaxed,Valid,,0,1968,,,DIESEL,,,2023-07-26,,,PASSAT SE BUSINESS TDI BMT S-A,,GREY,2017-05,,,,,,M1,,2 AXLE RIGID BODY,2017,0,121,VOLKSWAGEN,156901,5995,2025-03-11 05:20:48,34.0,2025-03-01,2025-08-20,0
221,EJ66YMW,,FORD,Untaxed,Valid,,0,1242,,,PETROL,,,2019-11-01,,,FIESTA ZETEC,,SILVER,2016-11,,,,,,M1,,2 AXLE RIGID BODY,2016,0,122,FORD,104747,4995,2025-03-11 09:05:25,15.0,2025-02-27,2025-10-14,12
222,RX15UWD,,FIAT,Untaxed,Not valid,,0,1242,,,PETROL,,,2025-02-17,,,500 LOUNGE,,GREEN,2015-03,,,,,,M1,,2 AXLE RIGID BODY,2015,0,111,FIAT,59181,5000,2025-03-11 09:05:57,35.0,2025-02-28,2025-03-02,0
223,AU15UBL,,SUBARU,Untaxed,Valid,,0,2498,,,PETROL,,,2020-03-20,,,OUTBACK SE SYMMETRICAL AWD CVT,,GREY,2015-03,,,,,,M1,,2 AXLE RIGID BODY,2015,0,161,SUBARU,105301,8200,2025-03-11 09:36:16,4.0,2025-03-01,2026-03-24,18
